System_Type,Type,Source,Status,Comment,Jurisdiction,RPC
Wastewater,Sanitary Manhole,Town Plan Interpretation,Existing, ,Troy,NVDA
Wastewater,Sanitary Manhole,Town Plan Interpretation,Existing, ,Troy,NVDA
Wastewater,Sanitary Manhole,Town Plan Interpretation,Existing, ,Troy,NVDA
Wastewater,Sanitary Manhole,Town Plan Interpretation,Existing, ,Troy,NVDA
Wastewater,Sanitary Manhole,Town Plan Interpretation,Existing, ,Troy,NVDA
Wastewater,Sanitary Manhole,Town Plan Interpretation,Existing, ,Troy,NVDA
Wastewater,Sanitary Manhole,Town Plan Interpretation,Existing, ,Troy,NVDA
Wastewater,Sanitary Manhole,Town Plan Interpretation,Existing, ,Troy,NVDA
Wastewater,Sanitary Manhole,Town Plan Interpretation,Existing, ,Troy,NVDA
Wastewater,Sanitary Manhole,Town Plan Interpretation,Existing, ,Troy,NVDA
Wastewater,Sanitary Manhole,Town Plan Interpretation,Existing, ,Troy,NVDA
Wastewater,Sanitary Manhole,Town Plan Interpretation,Existing, ,Troy,NVDA
Wastewater,Sanitary Manhole,Town Plan Interpretation,Existing, ,Troy,NVDA
Wastewater,Sanitary Manhole,Town Plan Interpretation,Existing, ,Troy,NVDA
Wastewater,Sanitary Manhole,Town Plan Interpretation,Existing, ,Troy,NVDA
Wastewater,Sanitary Manhole,Town Plan Interpretation,Existing, ,Troy,NVDA
Wastewater,Sanitary Manhole,Town Plan Interpretation,Existing, ,Troy,NVDA
Wastewater,Sanitary Manhole,Town Plan Interpretation,Existing, ,Troy,NVDA
Wastewater,Sanitary Manhole,Town Plan Interpretation,Existing, ,Troy,NVDA
Wastewater,Sanitary Manhole,Town Plan Interpretation,Existing, ,Troy,NVDA
Wastewater,Sanitary Manhole,Town Plan Interpretation,Existing, ,Troy,NVDA
Wastewater,Sanitary Manhole,Town Plan Interpretation,Existing, ,Troy,NVDA
Wastewater,Sanitary Manhole,Town Plan Interpretation,Existing, ,Troy,NVDA
Wastewater,Sanitary Manhole,Town Plan Interpretation,Existing, ,Troy,NVDA
Wastewater,Sanitary Manhole,Town Plan Interpretation,Existing, ,Troy,NVDA
Wastewater,Sanitary Manhole,Town Plan Interpretation,Existing, ,Troy,NVDA
Wastewater,Sanitary Manhole,Town Plan Interpretation,Existing, ,Troy,NVDA
Wastewater,Sanitary Manhole,Town Plan Interpretation,Existing, ,Troy,NVDA
Wastewater,Sanitary Manhole,Town Plan Interpretation,Existing, ,Troy,NVDA
Wastewater,Sanitary Manhole,Town Plan Interpretation,Existing, ,Troy,NVDA
Wastewater,Sanitary Manhole,Town Plan Interpretation,Existing, ,Troy,NVDA
Wastewater,Sanitary Manhole,Town Plan Interpretation,Existing, ,Troy,NVDA
Wastewater,Sanitary Manhole,Town Plan Interpretation,Existing, ,Troy,NVDA
Wastewater,Sanitary Manhole,Town Plan Interpretation,Existing, ,Troy,NVDA
Wastewater,Sanitary Manhole,Town Plan Interpretation,Existing, ,Troy,NVDA
Wastewater,Sanitary Manhole,Town Plan Interpretation,Existing, ,Troy,NVDA
Wastewater,Sanitary Manhole,Town Plan Interpretation,Existing, ,Troy,NVDA
Wastewater,Sanitary Manhole,Town Plan Interpretation,Existing, ,Troy,NVDA
Wastewater,Sanitary Manhole,Town Plan Interpretation,Existing, ,Troy,NVDA
Wastewater,Sanitary Manhole,Town Plan Interpretation,Existing, ,Troy,NVDA
Wastewater,Sanitary Manhole,Town Plan Interpretation,Existing, ,Troy,NVDA
Wastewater,Sanitary Manhole,Town Plan Interpretation,Existing, ,Troy,NVDA
Wastewater,Sanitary Manhole,Town Plan Interpretation,Existing, ,Troy,NVDA
Wastewater,Sanitary Manhole,Town Plan Interpretation,Existing, ,Troy,NVDA
Wastewater,Sanitary Manhole,Town Plan Interpretation,Existing, ,Troy,NVDA
Wastewater,Sanitary Manhole,Town Plan Interpretation,Existing, ,Troy,NVDA
Wastewater,Sanitary Manhole,Town Plan Interpretation,Existing, ,Troy,NVDA
Wastewater,Sanitary Manhole,Town Plan Interpretation,Existing, ,Troy,NVDA
Wastewater,Sanitary Manhole,Town Plan Interpretation,Existing, ,Troy,NVDA
Wastewater,Sanitary Manhole,Town Plan Interpretation,Existing, ,Troy,NVDA
Wastewater,Sanitary Manhole,Town Plan Interpretation,Existing, ,Troy,NVDA
Wastewater,Sanitary Manhole,Town Plan Interpretation,Existing, ,Troy,NVDA
Wastewater,Sanitary Manhole,Town Plan Interpretation,Existing, ,Troy,NVDA
Wastewater,Sanitary Manhole,Town Plan Interpretation,Existing, ,Troy,NVDA
Wastewater,Sanitary Manhole,Town Plan Interpretation,Existing, ,Troy,NVDA
Wastewater,Sanitary Manhole,Town Plan Interpretation,Existing, ,Troy,NVDA
Wastewater,Sanitary Manhole,Town Plan Interpretation,Existing, ,Troy,NVDA
Wastewater,Sanitary Manhole,Town Plan Interpretation,Existing, ,Troy,NVDA
Wastewater,Sanitary Manhole,Town Plan Interpretation,Existing, ,Troy,NVDA
Wastewater,Sanitary Manhole,Town Plan Interpretation,Existing, ,Troy,NVDA
Wastewater,Sanitary Manhole,Town Plan Interpretation,Existing, ,Troy,NVDA
Wastewater,Sanitary Manhole,Town Plan Interpretation,Existing, ,Troy,NVDA
Wastewater,Sanitary Manhole,Town Plan Interpretation,Existing, ,Troy,NVDA
Wastewater,Sanitary Manhole,Town Plan Interpretation,Existing, ,Troy,NVDA
Wastewater,Sanitary Manhole,Town Plan Interpretation,Existing, ,Troy,NVDA
Wastewater,Sanitary Manhole,Town Plan Interpretation,Existing, ,Troy,NVDA
Wastewater,Sanitary Manhole,Town Plan Interpretation,Existing, ,Troy,NVDA
Wastewater,Sanitary Manhole,Town Plan Interpretation,Existing, ,Troy,NVDA
Wastewater,Sanitary Manhole,Town Plan Interpretation,Existing, ,Troy,NVDA
Wastewater,Sanitary Manhole,Town Plan Interpretation,Existing, ,Troy,NVDA
Wastewater,Sanitary Manhole,Town Plan Interpretation,Existing, ,Troy,NVDA
Wastewater,Sanitary Manhole,Town Plan Interpretation,Existing, ,Troy,NVDA
Wastewater,Sanitary Manhole,Town Plan Interpretation,Existing, ,Troy,NVDA
Wastewater,Sanitary Manhole,Town Plan Interpretation,Existing, ,Troy,NVDA
Wastewater,Sanitary Manhole,Town Plan Interpretation,Existing, ,Troy,NVDA
Wastewater,Sanitary Manhole,Town Plan Interpretation,Existing, ,Troy,NVDA
Wastewater,Sanitary Manhole,Town Plan Interpretation,Existing, ,Troy,NVDA
Wastewater,Sanitary Manhole,Town Plan Interpretation,Existing, ,Troy,NVDA
Wastewater,Sanitary Manhole,Town Plan Interpretation,Existing, ,Troy,NVDA
Wastewater,Sanitary Manhole,Town Plan Interpretation,Existing, ,Troy,NVDA
Wastewater,Sanitary Manhole,Town Plan Interpretation,Existing, ,Troy,NVDA
Wastewater,Sanitary Manhole,Town Plan Interpretation,Existing, ,Troy,NVDA
Wastewater,Sanitary Manhole,Town Plan Interpretation,Existing, ,Troy,NVDA
Wastewater,Sanitary Manhole,Town Plan Interpretation,Existing, ,Troy,NVDA
Wastewater,Sanitary Manhole,Town Plan Interpretation,Existing, ,Troy,NVDA
Wastewater,Sanitary Manhole,Town Plan Interpretation,Existing, ,Troy,NVDA
Wastewater,Sanitary Manhole,Town Plan Interpretation,Existing, ,Troy,NVDA
Wastewater,Sanitary Manhole,Town Plan Interpretation,Existing, ,Troy,NVDA
Wastewater,Sanitary Manhole,Town Plan Interpretation,Existing, ,Troy,NVDA
Wastewater,Sanitary Manhole,Town Plan Interpretation,Existing, ,Troy,NVDA
Wastewater,Sanitary Manhole,Town Plan Interpretation,Existing, ,Troy,NVDA
Wastewater,Sanitary Manhole,Town Plan Interpretation,Existing, ,Troy,NVDA
Wastewater,Sanitary Manhole,Wastewater Division Plans,Existing, ,Troy,NVDA
Wastewater,Sanitary Manhole,Wastewater Division Plans,Existing, ,Troy,NVDA
Wastewater,Sanitary Manhole,Wastewater Division Plans,Existing, ,Troy,NVDA
Wastewater,Sanitary Manhole,Wastewater Division Plans,Existing, ,Troy,NVDA
Wastewater,Sanitary Manhole,Wastewater Division Plans,Existing, ,Troy,NVDA
Wastewater,Sanitary Manhole,Wastewater Division Plans,Existing, ,Troy,NVDA
Wastewater,Sanitary Manhole,Wastewater Division Plans,Existing, ,Troy,NVDA
Wastewater,Sanitary Manhole,Wastewater Division Plans,Existing, ,Troy,NVDA
Wastewater,Sanitary Manhole,Wastewater Division Plans,Existing, ,Troy,NVDA
Wastewater,Sanitary Manhole,Wastewater Division Plans,Existing, ,Troy,NVDA
Wastewater,Sanitary Manhole,Wastewater Division Plans,Existing, ,Troy,NVDA
Wastewater,Sanitary Manhole,Wastewater Division Plans,Existing, ,Troy,NVDA
Wastewater,Sanitary Manhole,Wastewater Division Plans,Existing, ,Troy,NVDA
Wastewater,Sanitary Manhole,Wastewater Division Plans,Existing, ,Troy,NVDA
Wastewater,Sanitary Manhole,Wastewater Division Plans,Existing, ,Troy,NVDA
Wastewater,Sanitary Manhole,Wastewater Division Plans,Existing, ,Troy,NVDA
Wastewater,Sanitary Manhole,Wastewater Division Plans,Existing, ,Troy,NVDA
Wastewater,Sanitary Manhole,Wastewater Division Plans,Existing, ,Troy,NVDA
Wastewater,Sanitary Manhole,Wastewater Division Plans,Existing, ,Troy,NVDA
Wastewater,Sanitary Manhole,Wastewater Division Plans,Existing, ,Troy,NVDA
Wastewater,Sanitary Manhole,Wastewater Division Plans,Existing, ,Troy,NVDA
Wastewater,Sanitary Manhole,Wastewater Division Plans,Existing, ,Troy,NVDA
Wastewater,Sanitary Manhole,Wastewater Division Plans,Existing, ,Troy,NVDA
Wastewater,Sanitary Manhole,Wastewater Division Plans,Existing, ,Troy,NVDA
Wastewater,Sanitary Manhole,Wastewater Division Plans,Existing, ,Troy,NVDA
Wastewater,Sanitary Manhole,Wastewater Division Plans,Existing, ,Troy,NVDA
Wastewater,Sanitary Manhole,Wastewater Division Plans,Existing, ,Troy,NVDA
Wastewater,Sanitary Manhole,Wastewater Division Plans,Existing, ,Troy,NVDA
Wastewater,Sanitary Manhole,Wastewater Division Plans,Existing, ,Troy,NVDA
Wastewater,Sanitary Manhole,Wastewater Division Plans,Existing, ,Troy,NVDA
Wastewater,Sanitary Manhole,Wastewater Division Plans,Existing, ,Troy,NVDA
Wastewater,Sanitary Manhole,Wastewater Division Plans,Existing, ,Troy,NVDA
Wastewater,Sanitary Manhole,Wastewater Division Plans,Existing, ,Troy,NVDA
Wastewater,Sanitary Manhole,Wastewater Division Plans,Existing, ,Troy,NVDA
Wastewater,Sanitary Manhole,Wastewater Division Plans,Existing, ,Troy,NVDA
Wastewater,Sanitary Manhole,Wastewater Division Plans,Existing, ,Troy,NVDA
Wastewater,Sanitary Manhole,Wastewater Division Plans,Existing, ,Troy,NVDA
Wastewater,Sanitary Manhole,Wastewater Division Plans,Existing, ,Troy,NVDA
Wastewater,Sanitary Manhole,Wastewater Division Plans,Existing, ,Troy,NVDA
Wastewater,Sanitary Manhole,Wastewater Division Plans,Existing, ,Troy,NVDA
Wastewater,Sanitary Manhole,Wastewater Division Plans,Existing, ,Troy,NVDA
Wastewater,Sanitary Manhole,Wastewater Division Plans,Existing, ,Troy,NVDA
Wastewater,Sanitary Manhole,Wastewater Division Plans,Existing, ,Troy,NVDA
Wastewater,Sanitary Manhole,Wastewater Division Plans,Existing, ,Troy,NVDA
Wastewater,Sanitary Manhole,Wastewater Division Plans,Existing, ,Troy,NVDA
Wastewater,Sanitary Manhole,Wastewater Division Plans,Existing, ,Troy,NVDA
Wastewater,Sanitary Manhole,Wastewater Division Plans,Existing, ,Troy,NVDA
Wastewater,Sanitary Manhole,Wastewater Division Plans,Existing, ,Troy,NVDA
Wastewater,Sanitary Manhole,Wastewater Division Plans,Existing, ,Troy,NVDA
Wastewater,Sanitary Manhole,Wastewater Division Plans,Existing, ,Troy,NVDA
Wastewater,Sanitary Manhole,Wastewater Division Plans,Existing, ,Troy,NVDA
Wastewater,Sanitary Manhole,Wastewater Division Plans,Existing, ,Troy,NVDA
Wastewater,Sanitary Manhole,Wastewater Division Plans,Existing, ,Troy,NVDA
Wastewater,Sanitary Manhole,Wastewater Division Plans,Existing, ,Troy,NVDA
Wastewater,Sanitary Manhole,Wastewater Division Plans,Existing, ,Troy,NVDA
Wastewater,Sanitary Manhole,Wastewater Division Plans,Existing, ,Troy,NVDA
Wastewater,Sanitary Manhole,Wastewater Division Plans,Existing, ,Troy,NVDA
Wastewater,Sanitary Manhole,Wastewater Division Plans,Existing, ,Troy,NVDA
Wastewater,Sanitary Manhole,Wastewater Division Plans,Existing, ,Troy,NVDA
Wastewater,Sanitary Manhole,Wastewater Division Plans,Existing, ,Troy,NVDA
Wastewater,Sanitary Manhole,Wastewater Division Plans,Existing, ,Troy,NVDA
Wastewater,Sanitary Manhole,Wastewater Division Plans,Existing, ,Troy,NVDA
Wastewater,Sanitary Manhole,Wastewater Division Plans,Existing, ,Troy,NVDA
Wastewater,Sanitary Manhole,Wastewater Division Plans,Existing, ,Troy,NVDA
Wastewater,Sanitary Manhole,Wastewater Division Plans,Existing, ,Troy,NVDA
Wastewater,Sanitary Manhole,Wastewater Division Plans,Existing, ,Troy,NVDA
Wastewater,Sanitary Manhole,Wastewater Division Plans,Existing, ,Troy,NVDA
Wastewater,Sanitary Manhole,Wastewater Division Plans,Existing, ,Troy,NVDA
Wastewater,Sanitary Manhole,Wastewater Division Plans,Existing, ,Troy,NVDA
Wastewater,Sanitary Manhole,Wastewater Division Plans,Existing, ,Troy,NVDA
Wastewater,Sanitary Manhole,Wastewater Division Plans,Existing, ,Troy,NVDA
Wastewater,Sanitary Manhole,Wastewater Division Plans,Existing, ,Troy,NVDA
Wastewater,Sanitary Manhole,Wastewater Division Plans,Existing, ,Troy,NVDA
Wastewater,Sanitary Manhole,Wastewater Division Plans,Existing, ,Troy,NVDA
Wastewater,Sanitary Manhole,Wastewater Division Plans,Existing, ,Troy,NVDA
Wastewater,Sanitary Manhole,Wastewater Division Plans,Existing, ,Troy,NVDA
Wastewater,Sanitary Manhole,Wastewater Division Plans,Existing, ,Troy,NVDA
Wastewater,Sanitary Manhole,Wastewater Division Plans,Existing, ,Troy,NVDA
Wastewater,Sanitary Manhole,Wastewater Division Plans,Existing, ,Troy,NVDA
Wastewater,Sanitary Manhole,Wastewater Division Plans,Existing, ,Troy,NVDA
Wastewater,Sanitary Manhole,Wastewater Division Plans,Existing, ,Troy,NVDA
Wastewater,Sanitary Manhole,Wastewater Division Plans,Existing, ,Troy,NVDA
Wastewater,Sanitary Manhole,Wastewater Division Plans,Existing, ,Troy,NVDA
Wastewater,Sanitary Manhole,Wastewater Division Plans,Existing, ,Troy,NVDA
Wastewater,Sanitary Manhole,Wastewater Division Plans,Existing, ,Troy,NVDA
Wastewater,Sanitary Manhole,Wastewater Division Plans,Existing, ,Troy,NVDA
Wastewater,Sanitary Manhole,Wastewater Division Plans,Existing, ,Troy,NVDA
Wastewater,Sanitary Manhole,Wastewater Division Plans,Existing, ,Troy,NVDA
Wastewater,Sanitary Manhole,Wastewater Division Plans,Existing, ,Troy,NVDA
Wastewater,Sanitary Manhole,Wastewater Division Plans,Existing, ,Troy,NVDA
Wastewater,Sanitary Manhole,Wastewater Division Plans,Existing, ,Troy,NVDA
Wastewater,Sanitary Manhole,Wastewater Division Plans,Existing, ,Troy,NVDA
Wastewater,Sanitary Manhole,Wastewater Division Plans,Existing, ,Troy,NVDA
Wastewater,Sanitary Manhole,Wastewater Division Plans,Existing, ,Troy,NVDA
Wastewater,Sanitary Manhole,Wastewater Division Plans,Existing, ,Troy,NVDA
Wastewater,Sanitary Manhole,Wastewater Division Plans,Existing, ,Troy,NVDA
Wastewater,Sanitary Manhole,Wastewater Division Plans,Existing, ,Troy,NVDA
Wastewater,Sanitary Manhole,Wastewater Division Plans,Existing, ,Troy,NVDA
Wastewater,Sanitary Manhole,Wastewater Division Plans,Existing, ,Troy,NVDA
Wastewater,Sanitary Manhole,Wastewater Division Plans,Existing, ,Troy,NVDA
Wastewater,Sanitary Manhole,Wastewater Division Plans,Existing, ,Troy,NVDA
Wastewater,Sanitary Manhole,Wastewater Division Plans,Existing, ,Troy,NVDA
Wastewater,Sanitary Manhole,Wastewater Division Plans,Existing, ,Troy,NVDA
Wastewater,Sanitary Manhole,Wastewater Division Plans,Existing, ,Troy,NVDA
Wastewater,Sanitary Manhole,Wastewater Division Plans,Existing, ,Troy,NVDA
Wastewater,Sanitary Manhole,Wastewater Division Plans,Existing, ,Troy,NVDA
Wastewater,Sanitary Manhole,Wastewater Division Plans,Existing, ,Troy,NVDA
Wastewater,Sanitary Manhole,Wastewater Division Plans,Existing, ,Troy,NVDA
Wastewater,Sanitary Manhole,Wastewater Division Plans,Existing, ,Troy,NVDA
Wastewater,Sanitary Manhole,Wastewater Division Plans,Existing, ,Troy,NVDA
Wastewater,Sanitary Manhole,Wastewater Division Plans,Existing, ,Troy,NVDA
Wastewater,Sanitary Manhole,Wastewater Division Plans,Existing, ,Troy,NVDA
Wastewater,Sanitary Manhole,Wastewater Division Plans,Existing, ,Troy,NVDA
Wastewater,Sanitary Manhole,Wastewater Division Plans,Existing, ,Troy,NVDA
Wastewater,Sanitary Manhole,Wastewater Division Plans,Existing, ,Troy,NVDA
Wastewater,Sanitary Manhole,Wastewater Division Plans,Existing, ,Troy,NVDA
Wastewater,Sanitary Manhole,Wastewater Division Plans,Existing, ,Troy,NVDA
Wastewater,Sanitary Manhole,Wastewater Division Plans,Existing, ,Troy,NVDA
Wastewater,Sanitary Manhole,Wastewater Division Plans,Existing, ,Troy,NVDA
Wastewater,Sanitary Manhole,Wastewater Division Plans,Existing, ,Troy,NVDA
Wastewater,Sanitary Manhole,Wastewater Division Plans,Existing, ,Troy,NVDA
Wastewater,Sanitary Manhole,Wastewater Division Plans,Existing, ,Troy,NVDA
Wastewater,Sanitary Manhole,Wastewater Division Plans,Existing, ,Troy,NVDA
Wastewater,Sanitary Manhole,Wastewater Division Plans,Existing, ,Troy,NVDA
Wastewater,Sanitary Manhole,Wastewater Division Plans,Existing, ,Troy,NVDA
Wastewater,Sanitary Manhole,Wastewater Division Plans,Existing, ,Troy,NVDA
Wastewater,Sanitary Manhole,Wastewater Division Plans,Existing, ,Troy,NVDA
Wastewater,Sanitary Manhole,Wastewater Division Plans,Existing, ,Troy,NVDA
Wastewater,Sanitary Manhole,Wastewater Division Plans,Existing, ,Troy,NVDA
Wastewater,Sanitary Manhole,Wastewater Division Plans,Existing, ,Troy,NVDA
Wastewater,Sanitary Manhole,Wastewater Division Plans,Existing, ,Troy,NVDA
Wastewater,Sanitary Manhole,Wastewater Division Plans,Existing, ,Troy,NVDA
Wastewater,Sanitary Manhole,Stormwater Permit Plan Interpretation,Existing, ,Troy,NVDA
Wastewater,Sanitary Manhole,Stormwater Permit Plan Interpretation,Existing, ,Troy,NVDA
Wastewater,Sanitary Manhole,Stormwater Permit Plan Interpretation,Existing, ,Troy,NVDA
Wastewater,Sanitary Manhole,Stormwater Permit Plan Interpretation,Existing, ,Troy,NVDA
Wastewater,Sanitary Manhole,Stormwater Permit Plan Interpretation,Existing, ,Troy,NVDA
Wastewater,Sanitary Manhole,Stormwater Permit Plan Interpretation,Existing, ,Troy,NVDA
Wastewater,Sanitary Manhole,Stormwater Permit Plan Interpretation,Existing, ,Troy,NVDA
Wastewater,Sanitary Manhole,Stormwater Permit Plan Interpretation,Existing, ,Troy,NVDA
Wastewater,Sanitary Manhole,Stormwater Permit Plan Interpretation,Existing, ,Troy,NVDA
Wastewater,Sanitary Manhole,Stormwater Permit Plan Interpretation,Existing, ,Troy,NVDA
Wastewater,Sanitary Manhole,Stormwater Permit Plan Interpretation,Existing, ,Troy,NVDA
Wastewater,Sanitary Manhole,Stormwater Permit Plan Interpretation,Existing, ,Troy,NVDA
Wastewater,Sanitary Manhole,Wastewater Division Plans,Existing, ,Ryegate,NVDA
Wastewater,Sanitary Manhole,Wastewater Division Plans,Existing, ,Ryegate,NVDA
Wastewater,Sanitary Manhole,Wastewater Division Plans,Existing, ,Ryegate,NVDA
Wastewater,Sanitary Manhole,Wastewater Division Plans,Existing, ,Ryegate,NVDA
Wastewater,Sanitary Manhole,Wastewater Division Plans,Existing, ,Ryegate,NVDA
Wastewater,Sanitary Manhole,Wastewater Division Plans,Existing, ,Ryegate,NVDA
Wastewater,Sanitary Manhole,Wastewater Division Plans,Existing, ,Ryegate,NVDA
Wastewater,Sanitary Manhole,Wastewater Division Plans,Existing, ,Ryegate,NVDA
Wastewater,Sanitary Manhole,Wastewater Division Plans,Existing, ,Ryegate,NVDA
Wastewater,Sanitary Manhole,Wastewater Division Plans,Existing, ,Ryegate,NVDA
Wastewater,Sanitary Manhole,Wastewater Division Plans,Existing, ,Ryegate,NVDA
Wastewater,Sanitary Manhole,Wastewater Division Plans,Existing, ,Ryegate,NVDA
Wastewater,Sanitary Manhole,Wastewater Division Plans,Existing, ,Ryegate,NVDA
Wastewater,Sanitary Manhole,Wastewater Division Plans,Existing, ,Ryegate,NVDA
Wastewater,Sanitary Manhole,Wastewater Division Plans,Existing, ,Ryegate,NVDA
Wastewater,Sanitary Manhole,Wastewater Division Plans,Existing, ,Ryegate,NVDA
Wastewater,Sanitary Manhole,Wastewater Division Plans,Existing, ,Ryegate,NVDA
Combined,Combined Sewer Manhole,Stormwater Permit Plan Interpretation,Existing, ,Newport City,NVDA
Combined,Combined Sewer Manhole,Stormwater Permit Plan Interpretation,Existing, ,Newport City,NVDA
Wastewater,Sanitary Manhole,Town Plan Interpretation,Existing, ,Newport City,NVDA
Wastewater,Sanitary Manhole,Town Plan Interpretation,Existing, ,Newport City,NVDA
Wastewater,Sanitary Manhole,Town Plan Interpretation,Existing, ,Newport City,NVDA
Combined,CB tied to Sanitary Sewer,Mapping Grade GPS,Existing, ,Newport City,NVDA
Wastewater,Sanitary Manhole,Data Collected in Field,Existing, ,Newport City,NVDA
Wastewater,Sanitary Manhole,Data Collected in Field,Existing, ,Newport City,NVDA
Wastewater,Sanitary Manhole,Data Collected in Field,Existing, ,Newport City,NVDA
Combined,Known CSO Outfalls,Municipality Member Knowledge,Existing,"Western Avenue Herrick Street, closed",Newport City,NVDA
Combined,Known CSO Outfalls,,Existing,"Union Street Pump Station, open",Newport City,NVDA
Combined,Known CSO Outfalls,,Existing,"Spring Street Siphon, closed",Newport City,NVDA
Combined,Known CSO Outfalls,,Existing,"Clyde Street, closed",Newport City,NVDA
Combined,Known CSO Outfalls,,Existing,"Bayview Street Fyfe Drive, open",Newport City,NVDA
Combined,Known CSO Outfalls,,Existing,"Lake Road Pump Station, open",Newport City,NVDA
Combined,Known CSO Outfalls,Town Plan Interpretation,Existing,"Causeway Siphon, open",Newport City,NVDA
Combined,Known CSO Outfalls,Town Plan Interpretation,Existing,"Bluff Road Pump Station, open",Newport City,NVDA
Combined,Known CSO Outfalls,Town Plan Interpretation,Existing,"Western Avenue, open",Newport City,NVDA
Wastewater,Sanitary Manhole,Mapping Grade GPS,Existing, ,Lyndon,NVDA
Wastewater,Sanitary Manhole,Mapping Grade GPS,Existing, ,Lyndon,NVDA
Wastewater,Sanitary Manhole,Mapping Grade GPS,Existing, ,Lyndon,NVDA
Wastewater,Sanitary Manhole,Wastewater Division Plans,Existing, ,Lyndon,NVDA
Wastewater,Sanitary Manhole,Wastewater Division Plans,Existing, ,Lyndon,NVDA
Wastewater,Sanitary Manhole,Wastewater Division Plans,Existing, ,Lyndon,NVDA
Wastewater,Sanitary Manhole,Wastewater Division Plans,Existing, ,Lyndon,NVDA
Wastewater,Sanitary Manhole,Wastewater Division Plans,Existing, ,Lyndon,NVDA
Wastewater,Sanitary Manhole,Wastewater Division Plans,Existing, ,Lyndon,NVDA
Wastewater,Sanitary Manhole,Wastewater Division Plans,Existing, ,Lyndon,NVDA
Wastewater,Sanitary Manhole,Wastewater Division Plans,Existing, ,Lyndon,NVDA
Wastewater,Sanitary Manhole,Wastewater Division Plans,Existing, ,Lyndon,NVDA
Wastewater,Sanitary Manhole,Wastewater Division Plans,Existing, ,Lyndon,NVDA
Wastewater,Sanitary Manhole,Wastewater Division Plans,Existing, ,Lyndon,NVDA
Wastewater,Sanitary Manhole,Wastewater Division Plans,Existing, ,Lyndon,NVDA
Wastewater,Sanitary Manhole,Wastewater Division Plans,Existing, ,Lyndon,NVDA
Wastewater,Sanitary Manhole,Wastewater Division Plans,Existing, ,Lyndon,NVDA
Wastewater,Sanitary Manhole,Wastewater Division Plans,Existing, ,Lyndon,NVDA
Wastewater,Sanitary Manhole,Wastewater Division Plans,Existing, ,Lyndon,NVDA
Wastewater,Sanitary Manhole,Wastewater Division Plans,Existing, ,Lyndon,NVDA
Wastewater,Sanitary Manhole,Wastewater Division Plans,Existing, ,Lyndon,NVDA
Wastewater,Sanitary Manhole,Wastewater Division Plans,Existing, ,Lyndon,NVDA
Wastewater,Sanitary Manhole,Wastewater Division Plans,Existing, ,Lyndon,NVDA
Wastewater,Sanitary Manhole,Wastewater Division Plans,Existing, ,Lyndon,NVDA
Wastewater,Sanitary Manhole,Wastewater Division Plans,Existing, ,Lyndon,NVDA
Wastewater,Sanitary Manhole,Wastewater Division Plans,Existing, ,Lyndon,NVDA
Wastewater,Sanitary Manhole,Wastewater Division Plans,Existing, ,Lyndon,NVDA
Wastewater,Sanitary Manhole,Wastewater Division Plans,Existing, ,Lyndon,NVDA
Wastewater,Sanitary Manhole,Wastewater Division Plans,Existing, ,Lyndon,NVDA
Wastewater,Sanitary Manhole,Wastewater Division Plans,Existing, ,Lyndon,NVDA
Wastewater,Sanitary Manhole,Wastewater Division Plans,Existing, ,Lyndon,NVDA
Wastewater,Sanitary Manhole,Wastewater Division Plans,Existing, ,Lyndon,NVDA
Wastewater,Sanitary Manhole,Wastewater Division Plans,Existing, ,Lyndon,NVDA
Wastewater,Sanitary Manhole,Wastewater Division Plans,Existing, ,Lyndon,NVDA
Wastewater,Sanitary Manhole,Wastewater Division Plans,Existing, ,Lyndon,NVDA
Wastewater,Sanitary Manhole,Wastewater Division Plans,Existing, ,Lyndon,NVDA
Wastewater,Sanitary Manhole,Wastewater Division Plans,Existing, ,Lyndon,NVDA
Wastewater,Sanitary Manhole,Wastewater Division Plans,Existing, ,Lyndon,NVDA
Wastewater,Sanitary Manhole,Wastewater Division Plans,Existing, ,Lyndon,NVDA
Wastewater,Sanitary Manhole,Wastewater Division Plans,Existing, ,Lyndon,NVDA
Wastewater,Sanitary Manhole,Wastewater Division Plans,Existing, ,Lyndon,NVDA
Wastewater,Sanitary Manhole,Wastewater Division Plans,Existing, ,Lyndon,NVDA
Wastewater,Sanitary Manhole,Wastewater Division Plans,Existing, ,Lyndon,NVDA
Wastewater,Sanitary Manhole,Wastewater Division Plans,Existing, ,Lyndon,NVDA
Combined,Known CSO Outfalls,Mapping Grade GPS,Abandoned, ,Lunenburg,NVDA
Wastewater,Sanitary Manhole,Mapping Grade GPS,Abandoned, ,Lunenburg,NVDA
Wastewater,Sanitary Manhole,Contractor GIS/GPS,Abandoned, ,Lunenburg,NVDA
Wastewater,Sanitary Manhole,Contractor GIS/GPS,Abandoned, ,Lunenburg,NVDA
Wastewater,Sanitary Manhole,Wastewater Division Plans,Existing, ,Lunenburg,NVDA
Wastewater,Sanitary Manhole,Wastewater Division Plans,Existing, ,Lunenburg,NVDA
Wastewater,Sanitary Manhole,Wastewater Division Plans,Existing, ,Lunenburg,NVDA
Wastewater,Sanitary Manhole,Wastewater Division Plans,Existing, ,Lunenburg,NVDA
Wastewater,Sanitary Manhole,Wastewater Division Plans,Existing, ,Lunenburg,NVDA
Wastewater,Sanitary Manhole,Wastewater Division Plans,Existing, ,Lunenburg,NVDA
Wastewater,Sanitary Manhole,Wastewater Division Plans,Existing, ,Lunenburg,NVDA
Wastewater,Sanitary Manhole,Wastewater Division Plans,Existing, ,Lunenburg,NVDA
Wastewater,Sanitary Manhole,Wastewater Division Plans,Existing, ,Lunenburg,NVDA
Wastewater,Sanitary Manhole,Wastewater Division Plans,Existing, ,Lunenburg,NVDA
Wastewater,Sanitary Manhole,Wastewater Division Plans,Existing, ,Lunenburg,NVDA
Wastewater,Sanitary Manhole,Wastewater Division Plans,Existing, ,Lunenburg,NVDA
Wastewater,Sanitary Manhole,Wastewater Division Plans,Existing, ,Lunenburg,NVDA
Wastewater,Sanitary Manhole,Wastewater Division Plans,Existing, ,Lunenburg,NVDA
Wastewater,Sanitary Manhole,Wastewater Division Plans,Existing, ,Lunenburg,NVDA
Wastewater,Sanitary Manhole,Wastewater Division Plans,Existing, ,Lunenburg,NVDA
Wastewater,Sanitary Manhole,Wastewater Division Plans,Existing, ,Lunenburg,NVDA
Wastewater,Sanitary Manhole,Wastewater Division Plans,Existing, ,Lunenburg,NVDA
Wastewater,Sanitary Manhole,Wastewater Division Plans,Existing, ,Lunenburg,NVDA
Wastewater,Sanitary Manhole,Wastewater Division Plans,Existing, ,Lunenburg,NVDA
Wastewater,Sanitary Manhole,Wastewater Division Plans,Existing, ,Lunenburg,NVDA
Wastewater,Sanitary Manhole,Wastewater Division Plans,Existing, ,Lunenburg,NVDA
Wastewater,Sanitary Manhole,Wastewater Division Plans,Existing, ,Lunenburg,NVDA
Wastewater,Sanitary Manhole,Wastewater Division Plans,Existing, ,Lunenburg,NVDA
Wastewater,Sanitary Manhole,Wastewater Division Plans,Existing, ,Lunenburg,NVDA
Wastewater,Sanitary Manhole,Wastewater Division Plans,Existing, ,Lunenburg,NVDA
Wastewater,Sanitary Manhole,Wastewater Division Plans,Existing, ,Lunenburg,NVDA
Wastewater,Sanitary Manhole,Wastewater Division Plans,Existing, ,Lunenburg,NVDA
Wastewater,Sanitary Manhole,Wastewater Division Plans,Existing, ,Lunenburg,NVDA
Wastewater,Sanitary Manhole,Wastewater Division Plans,Existing, ,Lunenburg,NVDA
Wastewater,Sanitary Manhole,Wastewater Division Plans,Existing, ,Lunenburg,NVDA
Wastewater,Sanitary Manhole,Wastewater Division Plans,Abandoned, ,Lunenburg,NVDA
Wastewater,Sanitary Manhole,Wastewater Division Plans,Abandoned, ,Lunenburg,NVDA
Wastewater,Sanitary Manhole,Wastewater Division Plans,Existing, ,Lunenburg,NVDA
Wastewater,Information Point,Municipality Member Knowledge,,Sewer overflow/SSO due to infiltration,Lunenburg,NVDA
Wastewater,Sanitary Manhole,Data Collected in Field,Abandoned, ,Lunenburg,NVDA
Wastewater,Sanitary Manhole,Wastewater Division Plans,Existing, ,Jay,NVDA
Wastewater,Sanitary Manhole,Wastewater Division Plans,Existing, ,Jay,NVDA
Wastewater,Sanitary Manhole,Wastewater Division Plans,Existing, ,Jay,NVDA
Wastewater,Sanitary Manhole,Wastewater Division Plans,Existing, ,Jay,NVDA
Wastewater,Sanitary Manhole,Wastewater Division Plans,Existing, ,Jay,NVDA
Wastewater,Sanitary Manhole,Wastewater Division Plans,Existing, ,Jay,NVDA
Wastewater,Sanitary Manhole,Wastewater Division Plans,Existing, ,Jay,NVDA
Wastewater,Sanitary Manhole,Wastewater Division Plans,Existing, ,Jay,NVDA
Wastewater,Sanitary Manhole,Wastewater Division Plans,Existing, ,Jay,NVDA
Wastewater,Sanitary Manhole,Wastewater Division Plans,Existing, ,Jay,NVDA
Wastewater,Sanitary Manhole,Wastewater Division Plans,Existing, ,Jay,NVDA
Wastewater,Sanitary Manhole,Town Plan Interpretation,Existing, ,Jay,NVDA
Wastewater,Sanitary Manhole,Wastewater Division Plans,Existing, ,Jay,NVDA
Wastewater,Sanitary Manhole,Wastewater Division Plans,Existing, ,Jay,NVDA
Wastewater,Sanitary Manhole,Wastewater Division Plans,Existing, ,Jay,NVDA
Wastewater,Sanitary Manhole,Wastewater Division Plans,Existing, ,Jay,NVDA
Wastewater,Sanitary Manhole,Wastewater Division Plans,Existing, ,Jay,NVDA
Wastewater,Sanitary Manhole,Wastewater Division Plans,Existing, ,Jay,NVDA
Wastewater,Sanitary Manhole,Wastewater Division Plans,Existing, ,Jay,NVDA
Wastewater,Sanitary Manhole,Wastewater Division Plans,Existing, ,Jay,NVDA
Wastewater,Sanitary Manhole,Wastewater Division Plans,Existing, ,Jay,NVDA
Wastewater,Sanitary Manhole,Town Plan Interpretation,Existing, ,Jay,NVDA
Wastewater,Sanitary Manhole,Wastewater Division Plans,Existing, ,Jay,NVDA
Wastewater,Sanitary Manhole,Wastewater Division Plans,Existing, ,Jay,NVDA
Wastewater,Sanitary Manhole,Wastewater Division Plans,Existing, ,Jay,NVDA
Wastewater,Sanitary Manhole,Town Plan Interpretation,Existing, ,Jay,NVDA
Wastewater,Sanitary Manhole,Stormwater Permit Plan Interpretation,Existing, ,Jay,NVDA
Wastewater,Sanitary Manhole,Town Plan Interpretation,Existing, ,Jay,NVDA
Wastewater,Sanitary Manhole,Wastewater Division Plans,Existing, ,Jay,NVDA
Wastewater,Sanitary Manhole,Wastewater Division Plans,Existing, ,Jay,NVDA
Wastewater,Sanitary Manhole,Wastewater Division Plans,Existing, ,Jay,NVDA
Wastewater,Sanitary Manhole,Town Plan Interpretation,Existing, ,Jay,NVDA
Wastewater,Sanitary Manhole,Wastewater Division Plans,Existing, ,Jay,NVDA
Wastewater,Sanitary Manhole,Wastewater Division Plans,Existing, ,Jay,NVDA
Wastewater,Sanitary Manhole,Wastewater Division Plans,Existing, ,Jay,NVDA
Wastewater,Sanitary Manhole,Wastewater Division Plans,Existing, ,Jay,NVDA
Wastewater,Sanitary Manhole,Wastewater Division Plans,Existing, ,Jay,NVDA
Wastewater,Sanitary Manhole,Wastewater Division Plans,Existing, ,Jay,NVDA
Wastewater,Sanitary Manhole,Wastewater Division Plans,Existing, ,Jay,NVDA
Wastewater,Sanitary Manhole,Wastewater Division Plans,Existing, ,Jay,NVDA
Wastewater,Sanitary Manhole,Wastewater Division Plans,Existing, ,Jay,NVDA
Wastewater,Sanitary Manhole,Wastewater Division Plans,Existing, ,Jay,NVDA
Wastewater,Sanitary Manhole,Wastewater Division Plans,Existing, ,Jay,NVDA
Wastewater,Sanitary Manhole,Wastewater Division Plans,Existing, ,Jay,NVDA
Wastewater,Sanitary Manhole,Wastewater Division Plans,Existing, ,Jay,NVDA
Wastewater,Sanitary Manhole,Wastewater Division Plans,Existing, ,Jay,NVDA
Wastewater,Sanitary Manhole,Wastewater Division Plans,Existing, ,Jay,NVDA
Wastewater,Sanitary Manhole,Wastewater Division Plans,Existing, ,Jay,NVDA
Wastewater,Sanitary Manhole,Town Plan Interpretation,Existing, ,Jay,NVDA
Wastewater,Sanitary Manhole,Wastewater Division Plans,Existing, ,Jay,NVDA
Wastewater,Sanitary Manhole,Wastewater Division Plans,Existing, ,Jay,NVDA
Wastewater,Sanitary Manhole,Wastewater Division Plans,Existing, ,Jay,NVDA
Wastewater,Sanitary Manhole,Wastewater Division Plans,Existing, ,Jay,NVDA
Wastewater,Sanitary Manhole,Town Plan Interpretation,Existing, ,Jay,NVDA
Wastewater,Sanitary Manhole,Wastewater Division Plans,Existing, ,Jay,NVDA
Wastewater,Sanitary Manhole,Wastewater Division Plans,Existing, ,Jay,NVDA
Wastewater,Sanitary Manhole,Wastewater Division Plans,Existing, ,Jay,NVDA
Wastewater,Sanitary Manhole,Wastewater Division Plans,Existing, ,Jay,NVDA
Wastewater,Sanitary Manhole,Town Plan Interpretation,Existing, ,Jay,NVDA
Wastewater,Sanitary Manhole,Wastewater Division Plans,Existing, ,Jay,NVDA
Wastewater,Sanitary Manhole,Wastewater Division Plans,Existing, ,Jay,NVDA
Wastewater,Sanitary Manhole,Wastewater Division Plans,Existing, ,Jay,NVDA
Wastewater,Sanitary Manhole,Wastewater Division Plans,Existing, ,Jay,NVDA
Wastewater,Sanitary Manhole,Wastewater Division Plans,Existing, ,Jay,NVDA
Wastewater,Sanitary Manhole,Wastewater Division Plans,Existing, ,Jay,NVDA
Wastewater,Sanitary Manhole,Wastewater Division Plans,Existing, ,Jay,NVDA
Wastewater,Sanitary Manhole,Town Plan Interpretation,Existing, ,Jay,NVDA
Wastewater,Sanitary Manhole,Wastewater Division Plans,Existing, ,Jay,NVDA
Wastewater,Sanitary Manhole,Wastewater Division Plans,Existing, ,Jay,NVDA
Wastewater,Sanitary Manhole,Wastewater Division Plans,Existing, ,Jay,NVDA
Wastewater,Sanitary Manhole,Town Plan Interpretation,Existing, ,Jay,NVDA
Wastewater,Sanitary Manhole,Wastewater Division Plans,Existing, ,Jay,NVDA
Wastewater,Sanitary Manhole,Wastewater Division Plans,Existing, ,Jay,NVDA
Wastewater,Sanitary Manhole,Town Plan Interpretation,Existing, ,Jay,NVDA
Wastewater,Sanitary Manhole,Wastewater Division Plans,Existing, ,Jay,NVDA
Wastewater,Sanitary Manhole,Wastewater Division Plans,Existing, ,Jay,NVDA
Wastewater,Sanitary Manhole,Wastewater Division Plans,Existing, ,Jay,NVDA
Wastewater,Sanitary Manhole,Wastewater Division Plans,Existing, ,Jay,NVDA
Wastewater,Sanitary Manhole,Wastewater Division Plans,Existing, ,Jay,NVDA
Wastewater,Sanitary Manhole,Wastewater Division Plans,Existing, ,Jay,NVDA
Wastewater,Sanitary Manhole,Wastewater Division Plans,Existing, ,Jay,NVDA
Wastewater,Sanitary Manhole,Wastewater Division Plans,Existing, ,Jay,NVDA
Wastewater,Sanitary Manhole,Wastewater Division Plans,Existing, ,Jay,NVDA
Wastewater,Sanitary Manhole,Wastewater Division Plans,Existing, ,Jay,NVDA
Wastewater,Sanitary Manhole,Wastewater Division Plans,Existing, ,Jay,NVDA
Wastewater,Sanitary Manhole,Wastewater Division Plans,Existing, ,Jay,NVDA
Wastewater,Sanitary Manhole,Town Plan Interpretation,Existing, ,Jay,NVDA
Wastewater,Sanitary Manhole,Wastewater Division Plans,Existing, ,Jay,NVDA
Wastewater,Sanitary Manhole,Wastewater Division Plans,Existing, ,Jay,NVDA
Wastewater,Sanitary Manhole,Wastewater Division Plans,Existing, ,Jay,NVDA
Wastewater,Sanitary Manhole,Wastewater Division Plans,Existing, ,Jay,NVDA
Wastewater,Sanitary Manhole,Wastewater Division Plans,Existing, ,Jay,NVDA
Wastewater,Sanitary Manhole,Wastewater Division Plans,Existing, ,Jay,NVDA
Wastewater,Sanitary Manhole,Wastewater Division Plans,Existing, ,Jay,NVDA
Wastewater,Sanitary Manhole,Town Plan Interpretation,Existing, ,Jay,NVDA
Wastewater,Sanitary Manhole,Wastewater Division Plans,Existing, ,Jay,NVDA
Wastewater,Sanitary Manhole,Wastewater Division Plans,Existing, ,Jay,NVDA
Wastewater,Sanitary Manhole,Wastewater Division Plans,Existing, ,Jay,NVDA
Wastewater,Sanitary Manhole,Wastewater Division Plans,Existing, ,Jay,NVDA
Wastewater,Sanitary Manhole,Wastewater Division Plans,Existing, ,Jay,NVDA
Wastewater,Sanitary Manhole,Wastewater Division Plans,Existing, ,Jay,NVDA
Wastewater,Sanitary Manhole,Wastewater Division Plans,Existing, ,Jay,NVDA
Wastewater,Sanitary Manhole,Town Plan Interpretation,Existing, ,Jay,NVDA
Wastewater,Sanitary Manhole,Wastewater Division Plans,Existing, ,Jay,NVDA
Wastewater,Sanitary Manhole,Wastewater Division Plans,Existing, ,Jay,NVDA
Wastewater,Sanitary Manhole,Town Plan Interpretation,Existing, ,Jay,NVDA
Wastewater,Sanitary Manhole,Wastewater Division Plans,Existing, ,Jay,NVDA
Wastewater,Sanitary Manhole,Wastewater Division Plans,Existing, ,Jay,NVDA
Wastewater,Sanitary Manhole,Wastewater Division Plans,Existing, ,Jay,NVDA
Wastewater,Sanitary Manhole,Wastewater Division Plans,Existing, ,Jay,NVDA
Wastewater,Sanitary Manhole,Town Plan Interpretation,Existing, ,Jay,NVDA
Wastewater,Sanitary Manhole,Town Plan Interpretation,Existing, ,Jay,NVDA
Wastewater,Sanitary Manhole,Town Plan Interpretation,Existing, ,Jay,NVDA
Wastewater,Sanitary Manhole,Wastewater Division Plans,Existing, ,Jay,NVDA
Wastewater,Sanitary Manhole,Wastewater Division Plans,Existing, ,Jay,NVDA
Wastewater,Sanitary Manhole,Town Plan Interpretation,Existing, ,Jay,NVDA
Wastewater,Sanitary Manhole,Town Plan Interpretation,Existing, ,Jay,NVDA
Wastewater,Sanitary Manhole,Wastewater Division Plans,Existing, ,Jay,NVDA
Wastewater,Sanitary Manhole,Wastewater Division Plans,Existing, ,Jay,NVDA
Wastewater,Sanitary Manhole,Wastewater Division Plans,Existing, ,Jay,NVDA
Wastewater,Sanitary Manhole,Wastewater Division Plans,Existing, ,Jay,NVDA
Wastewater,Sanitary Manhole,Wastewater Division Plans,Existing, ,Jay,NVDA
Wastewater,Sanitary Manhole,Town Plan Interpretation,Existing, ,Jay,NVDA
Wastewater,Sanitary Manhole,Town Plan Interpretation,Existing, ,Jay,NVDA
Wastewater,Sanitary Manhole,Wastewater Division Plans,Existing, ,Jay,NVDA
Wastewater,Sanitary Manhole,Wastewater Division Plans,Existing, ,Jay,NVDA
Wastewater,Sanitary Manhole,Wastewater Division Plans,Existing, ,Jay,NVDA
Wastewater,Sanitary Manhole,Wastewater Division Plans,Existing, ,Jay,NVDA
Wastewater,Sanitary Manhole,Town Plan Interpretation,Existing, ,Jay,NVDA
Wastewater,Sanitary Manhole,Wastewater Division Plans,Existing, ,Jay,NVDA
Wastewater,Sanitary Manhole,Wastewater Division Plans,Existing, ,Jay,NVDA
Wastewater,Sanitary Manhole,Town Plan Interpretation,Existing, ,Jay,NVDA
Wastewater,Sanitary Manhole,Wastewater Division Plans,Existing, ,Jay,NVDA
Wastewater,Sanitary Manhole,Wastewater Division Plans,Existing, ,Jay,NVDA
Wastewater,Sanitary Manhole,Wastewater Division Plans,Existing, ,Jay,NVDA
Wastewater,Sanitary Manhole,Wastewater Division Plans,Existing, ,Jay,NVDA
Wastewater,Sanitary Manhole,Wastewater Division Plans,Existing, ,Jay,NVDA
Wastewater,Sanitary Manhole,Wastewater Division Plans,Existing, ,Jay,NVDA
Wastewater,Sanitary Manhole,Wastewater Division Plans,Existing, ,Jay,NVDA
Wastewater,Sanitary Manhole,Wastewater Division Plans,Existing, ,Jay,NVDA
Wastewater,Sanitary Manhole,Town Plan Interpretation,Existing, ,Jay,NVDA
Wastewater,Sanitary Manhole,Wastewater Division Plans,Existing, ,Jay,NVDA
Wastewater,Sanitary Manhole,Wastewater Division Plans,Existing, ,Jay,NVDA
Wastewater,Sanitary Manhole,Wastewater Division Plans,Existing, ,Jay,NVDA
Wastewater,Sanitary Manhole,Wastewater Division Plans,Existing, ,Jay,NVDA
Wastewater,Sanitary Manhole,Wastewater Division Plans,Existing, ,Jay,NVDA
Wastewater,Sanitary Manhole,Wastewater Division Plans,Existing, ,Jay,NVDA
Wastewater,Sanitary Manhole,Town Plan Interpretation,Existing, ,Jay,NVDA
Wastewater,Sanitary Manhole,Town Plan Interpretation,Existing, ,Jay,NVDA
Wastewater,Sanitary Manhole,Wastewater Division Plans,Existing, ,Jay,NVDA
Wastewater,Sanitary Manhole,Wastewater Division Plans,Existing, ,Jay,NVDA
Wastewater,Sanitary Manhole,Wastewater Division Plans,Existing, ,Jay,NVDA
Wastewater,Sanitary Manhole,Wastewater Division Plans,Existing, ,Jay,NVDA
Wastewater,Sanitary Manhole,Town Plan Interpretation,Existing, ,Jay,NVDA
Wastewater,Sanitary Manhole,Wastewater Division Plans,Existing, ,Jay,NVDA
Wastewater,Sanitary Manhole,Wastewater Division Plans,Existing, ,Jay,NVDA
Wastewater,Sanitary Manhole,Wastewater Division Plans,Existing, ,Jay,NVDA
Wastewater,Sanitary Manhole,Wastewater Division Plans,Existing, ,Jay,NVDA
Wastewater,Sanitary Manhole,Wastewater Division Plans,Existing, ,Jay,NVDA
Wastewater,Sanitary Manhole,Wastewater Division Plans,Existing, ,Jay,NVDA
Wastewater,Sanitary Manhole,Wastewater Division Plans,Existing, ,Jay,NVDA
Wastewater,Sanitary Manhole,Wastewater Division Plans,Existing, ,Jay,NVDA
Wastewater,Sanitary Manhole,Wastewater Division Plans,Existing, ,Jay,NVDA
Wastewater,Sanitary Manhole,Wastewater Division Plans,Existing, ,Jay,NVDA
Wastewater,Sanitary Manhole,Town Plan Interpretation,Existing, ,Jay,NVDA
Wastewater,Sanitary Manhole,Wastewater Division Plans,Existing, ,Jay,NVDA
Wastewater,Sanitary Manhole,Town Plan Interpretation,Existing, ,Jay,NVDA
Wastewater,Sanitary Manhole,Town Plan Interpretation,Existing, ,Jay,NVDA
Wastewater,Sanitary Manhole,Wastewater Division Plans,Existing, ,Jay,NVDA
Wastewater,Sanitary Manhole,Wastewater Division Plans,Existing, ,Jay,NVDA
Wastewater,Sanitary Manhole,Wastewater Division Plans,Existing, ,Jay,NVDA
Wastewater,Sanitary Manhole,Wastewater Division Plans,Existing, ,Jay,NVDA
Wastewater,Sanitary Manhole,Town Plan Interpretation,Existing, ,Jay,NVDA
Wastewater,Sanitary Manhole,Wastewater Division Plans,Existing, ,Jay,NVDA
Wastewater,Sanitary Manhole,Wastewater Division Plans,Existing, ,Jay,NVDA
Wastewater,Sanitary Manhole,Wastewater Division Plans,Existing, ,Jay,NVDA
Wastewater,Sanitary Manhole,Town Plan Interpretation,Existing, ,Jay,NVDA
Wastewater,Sanitary Manhole,Wastewater Division Plans,Existing, ,Jay,NVDA
Wastewater,Sanitary Manhole,Wastewater Division Plans,Existing, ,Jay,NVDA
Wastewater,Sanitary Manhole,Wastewater Division Plans,Existing, ,Jay,NVDA
Wastewater,Sanitary Manhole,Wastewater Division Plans,Existing, ,Jay,NVDA
Wastewater,Sanitary Manhole,Wastewater Division Plans,Existing, ,Jay,NVDA
Wastewater,Sanitary Manhole,Wastewater Division Plans,Existing, ,Jay,NVDA
Wastewater,Sanitary Manhole,Wastewater Division Plans,Existing, ,Jay,NVDA
Wastewater,Sanitary Manhole,Wastewater Division Plans,Existing, ,Jay,NVDA
Wastewater,Sanitary Manhole,Town Plan Interpretation,Existing, ,Jay,NVDA
Wastewater,Sanitary Manhole,Wastewater Division Plans,Existing, ,Jay,NVDA
Wastewater,Sanitary Manhole,Wastewater Division Plans,Existing, ,Jay,NVDA
Wastewater,Sanitary Manhole,Town Plan Interpretation,Existing, ,Jay,NVDA
Wastewater,Sanitary Manhole,Wastewater Division Plans,Existing, ,Jay,NVDA
Wastewater,Sanitary Manhole,Wastewater Division Plans,Existing, ,Jay,NVDA
Wastewater,Sanitary Manhole,Wastewater Division Plans,Existing, ,Jay,NVDA
Wastewater,Sanitary Manhole,Wastewater Division Plans,Existing, ,Jay,NVDA
Wastewater,Sanitary Manhole,Wastewater Division Plans,Existing, ,Jay,NVDA
Wastewater,Sanitary Manhole,Wastewater Division Plans,Existing, ,Jay,NVDA
Wastewater,Sanitary Manhole,Town Plan Interpretation,Existing, ,Jay,NVDA
Wastewater,Sanitary Manhole,Wastewater Division Plans,Existing, ,Jay,NVDA
Wastewater,Sanitary Manhole,Stormwater Permit Plan Interpretation,Existing, ,Jay,NVDA
Wastewater,Sanitary Manhole,Wastewater Division Plans,Existing, ,Jay,NVDA
Wastewater,Sanitary Manhole,Stormwater Permit Plan Interpretation,Existing, ,Jay,NVDA
Wastewater,Sanitary Manhole,Wastewater Division Plans,Existing, ,Jay,NVDA
Wastewater,Sanitary Manhole,Stormwater Permit Plan Interpretation,Existing, ,Jay,NVDA
Wastewater,Sanitary Manhole,Stormwater Permit Plan Interpretation,Existing, ,Jay,NVDA
Wastewater,Sanitary Manhole,,Existing, ,Jay,NVDA
Wastewater,Sanitary Manhole,Wastewater Division Plans,Existing, ,Jay,NVDA
Wastewater,Sanitary Manhole,Stormwater Permit Plan Interpretation,Existing, ,Jay,NVDA
Wastewater,Sanitary Manhole,Stormwater Permit Plan Interpretation,Existing, ,Jay,NVDA
Wastewater,Sanitary Manhole,Stormwater Permit Plan Interpretation,Existing, ,Jay,NVDA
Wastewater,Sanitary Manhole,Stormwater Permit Plan Interpretation,Existing, ,Jay,NVDA
Wastewater,Sanitary Manhole,Wastewater Division Plans,Existing, ,Jay,NVDA
Wastewater,Sanitary Manhole,Stormwater Permit Plan Interpretation,Existing, ,Jay,NVDA
Wastewater,Sanitary Manhole,Stormwater Permit Plan Interpretation,Existing, ,Jay,NVDA
Wastewater,Sanitary Manhole,Wastewater Division Plans,Existing, ,Jay,NVDA
Wastewater,Sanitary Manhole,Stormwater Permit Plan Interpretation,Existing, ,Jay,NVDA
Wastewater,Sanitary Manhole,Stormwater Permit Plan Interpretation,Existing, ,Jay,NVDA
Wastewater,Sanitary Manhole,Stormwater Permit Plan Interpretation,Existing, ,Jay,NVDA
Wastewater,Sanitary Manhole,Stormwater Permit Plan Interpretation,Existing, ,Jay,NVDA
Wastewater,Sanitary Manhole,Stormwater Permit Plan Interpretation,Abandoned, ,Jay,NVDA
Wastewater,Sanitary Manhole,Stormwater Permit Plan Interpretation,Existing, ,Jay,NVDA
Wastewater,Sanitary Manhole,Stormwater Permit Plan Interpretation,Existing, ,Jay,NVDA
Wastewater,Sanitary Manhole,Stormwater Permit Plan Interpretation,Existing, ,Jay,NVDA
Wastewater,Sanitary Manhole,Stormwater Permit Plan Interpretation,Existing, ,Jay,NVDA
Wastewater,Sanitary Manhole,Wastewater Division Plans,Existing, ,Jay,NVDA
Wastewater,Sanitary Manhole,Stormwater Permit Plan Interpretation,Existing, ,Jay,NVDA
Wastewater,Sanitary Manhole,Stormwater Permit Plan Interpretation,Existing, ,Jay,NVDA
Wastewater,Sanitary Manhole,Stormwater Permit Plan Interpretation,Existing, ,Jay,NVDA
Wastewater,Sanitary Manhole,Stormwater Permit Plan Interpretation,Existing, ,Jay,NVDA
Wastewater,Sanitary Manhole,Wastewater Division Plans,Existing, ,Jay,NVDA
Wastewater,Sanitary Manhole,Wastewater Division Plans,Existing, ,Jay,NVDA
Wastewater,Sanitary Manhole,Wastewater Division Plans,Existing, ,Jay,NVDA
Wastewater,Sanitary Manhole,Stormwater Permit Plan Interpretation,Existing, ,Jay,NVDA
Wastewater,Sanitary Manhole,Stormwater Permit Plan Interpretation,Existing, ,Jay,NVDA
Wastewater,Sanitary Manhole,Stormwater Permit Plan Interpretation,Existing, ,Jay,NVDA
Wastewater,Sanitary Manhole,Wastewater Division Plans,Existing, ,Jay,NVDA
Wastewater,Sanitary Manhole,Wastewater Division Plans,Existing, ,Jay,NVDA
Wastewater,Sanitary Manhole,Stormwater Permit Plan Interpretation,Existing, ,Jay,NVDA
Wastewater,Sanitary Manhole,Stormwater Permit Plan Interpretation,Existing, ,Jay,NVDA
Wastewater,Sanitary Manhole,Stormwater Permit Plan Interpretation,Existing, ,Jay,NVDA
Wastewater,Sanitary Manhole,Stormwater Permit Plan Interpretation,Abandoned, ,Jay,NVDA
Wastewater,Sanitary Manhole,Stormwater Permit Plan Interpretation,Existing, ,Jay,NVDA
Wastewater,Sanitary Manhole,Data Collected in Field,Existing, ,Jay,NVDA
Wastewater,Sanitary Manhole,Stormwater Permit Plan Interpretation,Existing, ,Jay,NVDA
Wastewater,Sanitary Manhole,Stormwater Permit Plan Interpretation,Existing, ,Jay,NVDA
Wastewater,Sanitary Manhole,Stormwater Permit Plan Interpretation,Existing, ,Jay,NVDA
Wastewater,Sanitary Manhole,Wastewater Division Plans,Existing, ,Jay,NVDA
Wastewater,Sanitary Manhole,Wastewater Division Plans,Existing, ,Jay,NVDA
Wastewater,Sanitary Manhole,Stormwater Permit Plan Interpretation,Existing, ,Jay,NVDA
Wastewater,Sanitary Manhole,Stormwater Permit Plan Interpretation,Existing, ,Jay,NVDA
Wastewater,Sanitary Manhole,Stormwater Permit Plan Interpretation,Existing, ,Jay,NVDA
Wastewater,Sanitary Manhole,Stormwater Permit Plan Interpretation,Existing, ,Jay,NVDA
Wastewater,Sanitary Manhole,Stormwater Permit Plan Interpretation,Existing, ,Jay,NVDA
Wastewater,Sanitary Manhole,,Existing, ,Jay,NVDA
Wastewater,Sanitary Manhole,Stormwater Permit Plan Interpretation,Existing, ,Jay,NVDA
Wastewater,Sanitary Manhole,Stormwater Permit Plan Interpretation,Existing, ,Jay,NVDA
Wastewater,Sanitary Manhole,Stormwater Permit Plan Interpretation,Existing, ,Jay,NVDA
Wastewater,Sanitary Manhole,Stormwater Permit Plan Interpretation,Existing, ,Jay,NVDA
Wastewater,Sanitary Manhole,Stormwater Permit Plan Interpretation,Existing, ,Jay,NVDA
Wastewater,Sanitary Manhole,Wastewater Division Plans,Existing, ,Jay,NVDA
Wastewater,Sanitary Manhole,,Existing,oil grit?,Jay,NVDA
Wastewater,Sanitary Manhole,Mapping Grade GPS,Existing, ,Jay,NVDA
Wastewater,Sanitary Manhole,Stormwater Permit Plan Interpretation,Existing, ,Jay,NVDA
Wastewater,Sanitary Manhole,Wastewater Division Plans,Existing, ,Jay,NVDA
Wastewater,Sanitary Manhole,Stormwater Permit Plan Interpretation,Existing, ,Jay,NVDA
Wastewater,Sanitary Manhole,Stormwater Permit Plan Interpretation,Existing, ,Jay,NVDA
Wastewater,Sanitary Manhole,Wastewater Division Plans,Existing, ,Jay,NVDA
Wastewater,Sanitary Manhole,Stormwater Permit Plan Interpretation,Existing, ,Jay,NVDA
Wastewater,Sanitary Manhole,Stormwater Permit Plan Interpretation,Existing, ,Jay,NVDA
Wastewater,Sanitary Manhole,Stormwater Permit Plan Interpretation,Existing, ,Jay,NVDA
Wastewater,Sanitary Manhole,Stormwater Permit Plan Interpretation,Existing, ,Jay,NVDA
Wastewater,Sanitary Manhole,Wastewater Division Plans,Existing, ,Jay,NVDA
Wastewater,Sanitary Manhole,Stormwater Permit Plan Interpretation,Existing, ,Jay,NVDA
Wastewater,Sanitary Manhole,Stormwater Permit Plan Interpretation,Existing, ,Jay,NVDA
Wastewater,Sanitary Manhole,Stormwater Permit Plan Interpretation,Existing, ,Jay,NVDA
Wastewater,Sanitary Manhole,Stormwater Permit Plan Interpretation,Existing, ,Jay,NVDA
Wastewater,Sanitary Manhole,Stormwater Permit Plan Interpretation,Existing, ,Jay,NVDA
Wastewater,Sanitary Manhole,Stormwater Permit Plan Interpretation,Existing, ,Jay,NVDA
Wastewater,Sanitary Manhole,Stormwater Permit Plan Interpretation,Existing, ,Jay,NVDA
Wastewater,Sanitary Manhole,Wastewater Division Plans,Existing, ,Hardwick,NVDA
Wastewater,Sanitary Manhole,Wastewater Division Plans,Existing, ,Hardwick,NVDA
Wastewater,Sanitary Manhole,Wastewater Division Plans,Existing, ,Hardwick,NVDA
Wastewater,Sanitary Manhole,Wastewater Division Plans,Existing, ,Hardwick,NVDA
Wastewater,Sanitary Manhole,Wastewater Division Plans,Existing, ,Hardwick,NVDA
Wastewater,Sanitary Manhole,Wastewater Division Plans,Existing, ,Hardwick,NVDA
Wastewater,Sanitary Manhole,Wastewater Division Plans,Existing, ,Hardwick,NVDA
Wastewater,Sanitary Manhole,Wastewater Division Plans,Existing, ,Hardwick,NVDA
Wastewater,Sanitary Manhole,Wastewater Division Plans,Existing, ,Hardwick,NVDA
Wastewater,Sanitary Manhole,Wastewater Division Plans,Existing, ,Hardwick,NVDA
Wastewater,Sanitary Manhole,Wastewater Division Plans,Existing, ,Hardwick,NVDA
Wastewater,Sanitary Manhole,Wastewater Division Plans,Existing, ,Hardwick,NVDA
Wastewater,Sanitary Manhole,Wastewater Division Plans,Existing, ,Hardwick,NVDA
Wastewater,Sanitary Manhole,Wastewater Division Plans,Existing, ,Hardwick,NVDA
Wastewater,Sanitary Manhole,Wastewater Division Plans,Existing, ,Hardwick,NVDA
Wastewater,Sanitary Manhole,Wastewater Division Plans,Existing, ,Hardwick,NVDA
Wastewater,Sanitary Manhole,Wastewater Division Plans,Existing, ,Hardwick,NVDA
Wastewater,Sanitary Manhole,Wastewater Division Plans,Existing, ,Hardwick,NVDA
Wastewater,Sanitary Manhole,,Existing, ,Hardwick,NVDA
Wastewater,Sanitary Manhole,,Existing, ,Hardwick,NVDA
Wastewater,Sanitary Manhole,,Existing, ,Hardwick,NVDA
Wastewater,Sanitary Manhole,,Existing, ,Hardwick,NVDA
Wastewater,Sanitary Manhole,,Existing, ,Hardwick,NVDA
Wastewater,Sanitary Manhole,,Existing, ,Hardwick,NVDA
Wastewater,Sanitary Manhole,,Existing, ,Hardwick,NVDA
Wastewater,Sanitary Manhole,,Existing, ,Hardwick,NVDA
Wastewater,Sanitary Manhole,,Existing, ,Hardwick,NVDA
Wastewater,Sanitary Manhole,,Existing, ,Hardwick,NVDA
Wastewater,Sanitary Manhole,,Existing, ,Hardwick,NVDA
Wastewater,Sanitary Manhole,,Existing, ,Hardwick,NVDA
Wastewater,Sanitary Manhole,,Existing, ,Hardwick,NVDA
Wastewater,Sanitary Manhole,,Existing, ,Hardwick,NVDA
Wastewater,Sanitary Manhole,,Existing, ,Hardwick,NVDA
Wastewater,Sanitary Manhole,,Existing, ,Hardwick,NVDA
Wastewater,Sanitary Manhole,,Existing, ,Hardwick,NVDA
Wastewater,Sanitary Manhole,,Existing, ,Hardwick,NVDA
Wastewater,Sanitary Manhole,,Existing, ,Hardwick,NVDA
Wastewater,Sanitary Manhole,,Existing, ,Hardwick,NVDA
Wastewater,Sanitary Manhole,,Existing, ,Hardwick,NVDA
Wastewater,Sanitary Manhole,,Existing, ,Hardwick,NVDA
Wastewater,Sanitary Manhole,,Existing, ,Hardwick,NVDA
Wastewater,Sanitary Manhole,,Existing, ,Hardwick,NVDA
Wastewater,Sanitary Manhole,,Existing, ,Hardwick,NVDA
Wastewater,Sanitary Manhole,,Existing, ,Hardwick,NVDA
Wastewater,Sanitary Manhole,,Existing, ,Hardwick,NVDA
Wastewater,Sanitary Manhole,,Existing, ,Hardwick,NVDA
Wastewater,Sanitary Manhole,,Existing, ,Hardwick,NVDA
Wastewater,Sanitary Manhole,,Existing, ,Hardwick,NVDA
Wastewater,Sanitary Manhole,,Existing, ,Hardwick,NVDA
Wastewater,Sanitary Manhole,,Existing, ,Hardwick,NVDA
Wastewater,Sanitary Manhole,,Existing, ,Hardwick,NVDA
Wastewater,Sanitary Manhole,,Existing, ,Hardwick,NVDA
Wastewater,Sanitary Manhole,,Existing, ,Hardwick,NVDA
Wastewater,Sanitary Manhole,,Existing, ,Hardwick,NVDA
Wastewater,Sanitary Manhole,,Existing, ,Hardwick,NVDA
Wastewater,Sanitary Manhole,,Existing, ,Hardwick,NVDA
Wastewater,Sanitary Manhole,,Existing, ,Hardwick,NVDA
Wastewater,Sanitary Manhole,,Existing, ,Hardwick,NVDA
Wastewater,Sanitary Manhole,,Existing, ,Hardwick,NVDA
Wastewater,Sanitary Manhole,,Existing, ,Hardwick,NVDA
Wastewater,Sanitary Manhole,,Existing, ,Hardwick,NVDA
Wastewater,Sanitary Manhole,,Existing, ,Hardwick,NVDA
Wastewater,Sanitary Manhole,,Existing, ,Hardwick,NVDA
Wastewater,Sanitary Manhole,,Existing, ,Hardwick,NVDA
Wastewater,Sanitary Manhole,,Existing, ,Hardwick,NVDA
Wastewater,Sanitary Manhole,,Existing, ,Hardwick,NVDA
Wastewater,Sanitary Manhole,,Existing, ,Hardwick,NVDA
Wastewater,Sanitary Manhole,,Existing, ,Hardwick,NVDA
Wastewater,Sanitary Manhole,,Existing, ,Hardwick,NVDA
Wastewater,Sanitary Manhole,,Existing, ,Hardwick,NVDA
Wastewater,Sanitary Manhole,,Existing, ,Hardwick,NVDA
Wastewater,Sanitary Manhole,,Existing, ,Hardwick,NVDA
Wastewater,Sanitary Manhole,,Existing, ,Hardwick,NVDA
Wastewater,Sanitary Manhole,,Existing, ,Hardwick,NVDA
Wastewater,Sanitary Manhole,,Existing, ,Hardwick,NVDA
Wastewater,Sanitary Manhole,,Existing, ,Hardwick,NVDA
Wastewater,Sanitary Manhole,,Existing, ,Hardwick,NVDA
Wastewater,Sanitary Manhole,,Existing, ,Hardwick,NVDA
Wastewater,Sanitary Manhole,,Existing, ,Hardwick,NVDA
Wastewater,Sanitary Manhole,,Existing, ,Hardwick,NVDA
Wastewater,Sanitary Manhole,,Existing, ,Hardwick,NVDA
Wastewater,Sanitary Manhole,,Existing, ,Hardwick,NVDA
Wastewater,Sanitary Manhole,,Existing, ,Hardwick,NVDA
Wastewater,Sanitary Manhole,,Existing, ,Hardwick,NVDA
Wastewater,Sanitary Manhole,,Existing, ,Hardwick,NVDA
Wastewater,Sanitary Manhole,,Existing, ,Hardwick,NVDA
Wastewater,Sanitary Manhole,,Existing, ,Hardwick,NVDA
Wastewater,Sanitary Manhole,,Existing, ,Hardwick,NVDA
Wastewater,Sanitary Manhole,,Existing, ,Hardwick,NVDA
Wastewater,Sanitary Manhole,,Existing, ,Hardwick,NVDA
Wastewater,Sanitary Manhole,,Existing, ,Hardwick,NVDA
Wastewater,Sanitary Manhole,,Existing, ,Hardwick,NVDA
Wastewater,Sanitary Manhole,,Existing, ,Hardwick,NVDA
Wastewater,Sanitary Manhole,,Existing, ,Hardwick,NVDA
Wastewater,Sanitary Manhole,,Existing, ,Hardwick,NVDA
Wastewater,Sanitary Manhole,,Existing, ,Hardwick,NVDA
Wastewater,Sanitary Manhole,,Existing, ,Hardwick,NVDA
Wastewater,Sanitary Manhole,,Existing, ,Hardwick,NVDA
Wastewater,Sanitary Manhole,,Existing, ,Hardwick,NVDA
Wastewater,Sanitary Manhole,,Existing, ,Hardwick,NVDA
Wastewater,Sanitary Manhole,,Existing, ,Hardwick,NVDA
Wastewater,Sanitary Manhole,,Existing, ,Hardwick,NVDA
Wastewater,Sanitary Manhole,,Existing, ,Hardwick,NVDA
Wastewater,Sanitary Manhole,,Existing, ,Hardwick,NVDA
Wastewater,Sanitary Manhole,,Existing, ,Hardwick,NVDA
Wastewater,Sanitary Manhole,,Existing, ,Hardwick,NVDA
Wastewater,Sanitary Manhole,,Existing, ,Hardwick,NVDA
Wastewater,Sanitary Manhole,,Existing, ,Hardwick,NVDA
Wastewater,Sanitary Manhole,,Existing, ,Hardwick,NVDA
Wastewater,Sanitary Manhole,,Existing, ,Hardwick,NVDA
Wastewater,Sanitary Manhole,,Existing, ,Hardwick,NVDA
Wastewater,Sanitary Manhole,,Existing, ,Hardwick,NVDA
Wastewater,Sanitary Manhole,,Existing, ,Hardwick,NVDA
Wastewater,Sanitary Manhole,,Existing, ,Hardwick,NVDA
Wastewater,Sanitary Manhole,,Existing, ,Hardwick,NVDA
Wastewater,Sanitary Manhole,,Existing, ,Hardwick,NVDA
Wastewater,Sanitary Manhole,,Existing, ,Hardwick,NVDA
Wastewater,Sanitary Manhole,,Existing, ,Hardwick,NVDA
Wastewater,Sanitary Manhole,,Existing, ,Hardwick,NVDA
Wastewater,Sanitary Manhole,,Existing, ,Hardwick,NVDA
Wastewater,Sanitary Manhole,,Existing, ,Hardwick,NVDA
Wastewater,Sanitary Manhole,,Existing, ,Hardwick,NVDA
Wastewater,Sanitary Manhole,,Existing, ,Hardwick,NVDA
Wastewater,Sanitary Manhole,,Existing, ,Hardwick,NVDA
Wastewater,Sanitary Manhole,,Existing, ,Hardwick,NVDA
Wastewater,Sanitary Manhole,,Existing, ,Hardwick,NVDA
Wastewater,Sanitary Manhole,,Existing, ,Hardwick,NVDA
Wastewater,Sanitary Manhole,,Existing, ,Hardwick,NVDA
Wastewater,Sanitary Manhole,,Existing, ,Hardwick,NVDA
Wastewater,Sanitary Manhole,,Existing, ,Hardwick,NVDA
Wastewater,Sanitary Manhole,,Existing, ,Hardwick,NVDA
Wastewater,Sanitary Manhole,,Existing, ,Hardwick,NVDA
Wastewater,Sanitary Manhole,,Existing, ,Hardwick,NVDA
Wastewater,Sanitary Manhole,,Existing, ,Hardwick,NVDA
Wastewater,Sanitary Manhole,,Existing, ,Hardwick,NVDA
Wastewater,Sanitary Manhole,,Existing, ,Hardwick,NVDA
Wastewater,Sanitary Manhole,,Existing, ,Hardwick,NVDA
Wastewater,Sanitary Manhole,,Existing, ,Hardwick,NVDA
Wastewater,Sanitary Manhole,,Existing, ,Hardwick,NVDA
Wastewater,Sanitary Manhole,,Existing, ,Hardwick,NVDA
Wastewater,Sanitary Manhole,,Existing, ,Hardwick,NVDA
Wastewater,Sanitary Manhole,,Existing, ,Hardwick,NVDA
Wastewater,Sanitary Manhole,,Existing, ,Hardwick,NVDA
Wastewater,Sanitary Manhole,,Existing, ,Hardwick,NVDA
Wastewater,Sanitary Manhole,,Existing, ,Hardwick,NVDA
Wastewater,Sanitary Manhole,,Existing, ,Hardwick,NVDA
Wastewater,Sanitary Manhole,,Existing, ,Hardwick,NVDA
Wastewater,Sanitary Manhole,,Existing, ,Hardwick,NVDA
Wastewater,Sanitary Manhole,,Existing, ,Hardwick,NVDA
Wastewater,Sanitary Manhole,,Existing, ,Hardwick,NVDA
Wastewater,Sanitary Manhole,,Existing, ,Hardwick,NVDA
Wastewater,Sanitary Manhole,,Existing, ,Hardwick,NVDA
Wastewater,Sanitary Manhole,Wastewater Division Plans,Existing, ,Hardwick,NVDA
Wastewater,Sanitary Manhole,Wastewater Division Plans,Existing, ,Hardwick,NVDA
Wastewater,Sanitary Manhole,Wastewater Division Plans,Existing, ,Hardwick,NVDA
Wastewater,Sanitary Manhole,Wastewater Division Plans,Existing, ,Hardwick,NVDA
Wastewater,Sanitary Manhole,Wastewater Division Plans,Existing, ,Hardwick,NVDA
Wastewater,Sanitary Manhole,Wastewater Division Plans,Existing, ,Hardwick,NVDA
Wastewater,Sanitary Manhole,Wastewater Division Plans,Existing, ,Hardwick,NVDA
Wastewater,Sanitary Manhole,Wastewater Division Plans,Existing, ,Hardwick,NVDA
Wastewater,Sanitary Manhole,Wastewater Division Plans,Existing, ,Hardwick,NVDA
Wastewater,Sanitary Manhole,Wastewater Division Plans,Existing, ,Hardwick,NVDA
Wastewater,Sanitary Manhole,Wastewater Division Plans,Existing, ,Hardwick,NVDA
Wastewater,Sanitary Manhole,Stormwater Permit Plan Interpretation,Existing, ,Hardwick,NVDA
Wastewater,Sanitary Manhole,Wastewater Division Plans,Existing, ,Hardwick,NVDA
Wastewater,Sanitary Manhole,Wastewater Division Plans,Existing, ,Hardwick,NVDA
Wastewater,Sanitary Manhole,Wastewater Division Plans,Existing, ,Hardwick,NVDA
Wastewater,Sanitary Manhole,Wastewater Division Plans,Existing, ,Hardwick,NVDA
Wastewater,Sanitary Manhole,Wastewater Division Plans,Existing, ,Hardwick,NVDA
Wastewater,Sanitary Manhole,Wastewater Division Plans,Existing, ,Hardwick,NVDA
Wastewater,Sanitary Manhole,Wastewater Division Plans,Existing, ,Hardwick,NVDA
Wastewater,Sanitary Manhole,Wastewater Division Plans,Existing, ,Hardwick,NVDA
Wastewater,Sanitary Manhole,Wastewater Division Plans,Existing, ,Hardwick,NVDA
Wastewater,Sanitary Manhole,Data Collected in Field,Existing, ,Hardwick,NVDA
Wastewater,Sanitary Manhole,Wastewater Division Plans,Existing, ,Hardwick,NVDA
Wastewater,Sanitary Manhole,Wastewater Division Plans,Existing, ,Hardwick,NVDA
Wastewater,Sanitary Manhole,Wastewater Division Plans,Existing, ,Hardwick,NVDA
Wastewater,Sanitary Manhole,Wastewater Division Plans,Existing, ,Hardwick,NVDA
Wastewater,Sanitary Manhole,Wastewater Division Plans,Existing, ,Hardwick,NVDA
Wastewater,Sanitary Manhole,Wastewater Division Plans,Existing, ,Hardwick,NVDA
Wastewater,Sanitary Manhole,Wastewater Division Plans,Existing, ,Hardwick,NVDA
Wastewater,Sanitary Manhole,Wastewater Division Plans,Existing, ,Hardwick,NVDA
Wastewater,Sanitary Manhole,Wastewater Division Plans,Existing, ,Hardwick,NVDA
Wastewater,Sanitary Manhole,Data Collected in Field,Existing, ,Hardwick,NVDA
Wastewater,Sanitary Manhole,Wastewater Division Plans,Existing, ,Hardwick,NVDA
Wastewater,Sanitary Manhole,Stormwater Permit Plan Interpretation,Existing, ,Hardwick,NVDA
Wastewater,Sanitary Manhole,Wastewater Division Plans,Existing, ,Hardwick,NVDA
Wastewater,Sanitary Manhole,Wastewater Division Plans,Existing, ,Hardwick,NVDA
Wastewater,Sanitary Manhole,Wastewater Division Plans,Existing, ,Hardwick,NVDA
Wastewater,Sanitary Manhole,Wastewater Division Plans,Existing, ,Hardwick,NVDA
Wastewater,Sanitary Manhole,Wastewater Division Plans,Existing, ,Hardwick,NVDA
Wastewater,Sanitary Manhole,Wastewater Division Plans,Existing, ,Hardwick,NVDA
Wastewater,Sanitary Manhole,Wastewater Division Plans,Existing, ,Hardwick,NVDA
Wastewater,Sanitary Manhole,Wastewater Division Plans,Existing, ,Hardwick,NVDA
Wastewater,Sanitary Manhole,Wastewater Division Plans,Existing, ,Hardwick,NVDA
Wastewater,Sanitary Manhole,Wastewater Division Plans,Existing, ,Hardwick,NVDA
Wastewater,Sanitary Manhole,Wastewater Division Plans,Existing, ,Hardwick,NVDA
Wastewater,Sanitary Manhole,Wastewater Division Plans,Existing, ,Hardwick,NVDA
Wastewater,Sanitary Manhole,Wastewater Division Plans,Existing, ,Hardwick,NVDA
Wastewater,Sanitary Manhole,Wastewater Division Plans,Existing, ,Hardwick,NVDA
Wastewater,Sanitary Manhole,Wastewater Division Plans,Existing, ,Hardwick,NVDA
Wastewater,Sanitary Manhole,Wastewater Division Plans,Existing, ,Hardwick,NVDA
Wastewater,Sanitary Manhole,Wastewater Division Plans,Existing, ,Hardwick,NVDA
Wastewater,Sanitary Manhole,Data Collected in Field,Existing, ,Hardwick,NVDA
Wastewater,Sanitary Manhole,Wastewater Division Plans,Existing, ,Hardwick,NVDA
Wastewater,Sanitary Manhole,Wastewater Division Plans,Existing, ,Hardwick,NVDA
Wastewater,Sanitary Manhole,Wastewater Division Plans,Existing, ,Hardwick,NVDA
Wastewater,Sanitary Manhole,Wastewater Division Plans,Existing, ,Hardwick,NVDA
Wastewater,Sanitary Manhole,Wastewater Division Plans,Existing, ,Hardwick,NVDA
Wastewater,Sanitary Manhole,Wastewater Division Plans,Existing, ,Hardwick,NVDA
Wastewater,Sanitary Manhole,Wastewater Division Plans,Existing, ,Hardwick,NVDA
Wastewater,Sanitary Manhole,Wastewater Division Plans,Existing, ,Hardwick,NVDA
Wastewater,Sanitary Manhole,Wastewater Division Plans,Existing, ,Hardwick,NVDA
Wastewater,Sanitary Manhole,Wastewater Division Plans,Existing, ,Hardwick,NVDA
Wastewater,Sanitary Manhole,Wastewater Division Plans,Existing, ,Hardwick,NVDA
Wastewater,Sanitary Manhole,Wastewater Division Plans,Existing, ,Hardwick,NVDA
Wastewater,Sanitary Manhole,Wastewater Division Plans,Existing, ,Hardwick,NVDA
Wastewater,Sanitary Manhole,Data Collected in Field,Existing, ,Hardwick,NVDA
Wastewater,Sanitary Manhole,Wastewater Division Plans,Existing, ,Hardwick,NVDA
Wastewater,Sanitary Manhole,Wastewater Division Plans,Existing, ,Hardwick,NVDA
Wastewater,Sanitary Manhole,Wastewater Division Plans,Existing, ,Hardwick,NVDA
Wastewater,Sanitary Manhole,Wastewater Division Plans,Existing, ,Hardwick,NVDA
Wastewater,Sanitary Manhole,Wastewater Division Plans,Existing, ,Hardwick,NVDA
Wastewater,Sanitary Manhole,Wastewater Division Plans,Existing, ,Hardwick,NVDA
Wastewater,Sanitary Manhole,Wastewater Division Plans,Existing, ,Hardwick,NVDA
Wastewater,Sanitary Manhole,Wastewater Division Plans,Existing, ,Hardwick,NVDA
Wastewater,Sanitary Manhole,Wastewater Division Plans,Existing, ,Glover,NVDA
Wastewater,Sanitary Manhole,Wastewater Division Plans,Existing, ,Glover,NVDA
Wastewater,Sanitary Manhole,Wastewater Division Plans,Existing, ,Glover,NVDA
Wastewater,Sanitary Manhole,Wastewater Division Plans,Existing, ,Glover,NVDA
Wastewater,Sanitary Manhole,Wastewater Division Plans,Existing, ,Glover,NVDA
Wastewater,Sanitary Manhole,Wastewater Division Plans,Existing, ,Glover,NVDA
Wastewater,Sanitary Manhole,Wastewater Division Plans,Existing, ,Glover,NVDA
Wastewater,Sanitary Manhole,Wastewater Division Plans,Existing, ,Glover,NVDA
Wastewater,Sanitary Manhole,Wastewater Division Plans,Existing, ,Glover,NVDA
Wastewater,Sanitary Manhole,Wastewater Division Plans,Existing, ,Glover,NVDA
Wastewater,Sanitary Manhole,Wastewater Division Plans,Existing, ,Glover,NVDA
Wastewater,Sanitary Manhole,Wastewater Division Plans,Existing, ,Glover,NVDA
Wastewater,Sanitary Manhole,Wastewater Division Plans,Existing, ,Glover,NVDA
Wastewater,Sanitary Manhole,Wastewater Division Plans,Existing, ,Glover,NVDA
Wastewater,Sanitary Manhole,Wastewater Division Plans,Existing, ,Glover,NVDA
Wastewater,Sanitary Manhole,Wastewater Division Plans,Existing, ,Glover,NVDA
Wastewater,Sanitary Manhole,Town Plan Interpretation,Existing,septic tank,Craftsbury,NVDA
Wastewater,Information Point,Municipality Member Knowledge,Abandoned,Septic tank overflow,Concord,NVDA
Wastewater,Sanitary Manhole,Mapping Grade GPS,Existing, ,Brighton,NVDA
Combined,Combined Sewer Manhole,Town Plan Interpretation,Existing, ,Barton,NVDA
Combined,CB tied to Sanitary Sewer,Municipality Member Knowledge,Abandoned, ,Barton,NVDA
Combined,CB tied to Sanitary Sewer,Data from Municipality,Abandoned, ,Barton,NVDA
Combined,CB tied to Sanitary Sewer,Data from Municipality,Abandoned, ,Barton,NVDA
Wastewater,Sanitary Manhole,Data Collected in Field,Existing, ,Barton,NVDA
Wastewater,Sanitary Manhole,Data Collected in Field,Existing, ,Barton,NVDA
Wastewater,Sanitary Manhole,Town Plan Interpretation,Existing, ,Barton,NVDA
Wastewater,Sanitary Manhole,Town Plan Interpretation,Existing, ,Barton,NVDA
Wastewater,Sanitary Manhole,Town Plan Interpretation,Existing, ,Barton,NVDA
Wastewater,Sanitary Manhole,Town Plan Interpretation,Existing, ,Barton,NVDA
Wastewater,Sanitary Manhole,Wastewater Division Plans,Existing, ,Barton,NVDA
Wastewater,Sanitary Manhole,Wastewater Division Plans,Existing, ,Barton,NVDA
Wastewater,Sanitary Manhole,Wastewater Division Plans,Existing, ,Barton,NVDA
Wastewater,Sanitary Manhole,Wastewater Division Plans,Existing, ,Barton,NVDA
Wastewater,Sanitary Manhole,Wastewater Division Plans,Existing, ,Barton,NVDA
Wastewater,Sanitary Manhole,Wastewater Division Plans,Existing, ,Barton,NVDA
Wastewater,Sanitary Manhole,Wastewater Division Plans,Existing, ,Barton,NVDA
Wastewater,Sanitary Manhole,Wastewater Division Plans,Existing, ,Barton,NVDA
Wastewater,Sanitary Manhole,Wastewater Division Plans,Existing, ,Barton,NVDA
Wastewater,Sanitary Manhole,Wastewater Division Plans,Existing, ,Barton,NVDA
Wastewater,Sanitary Manhole,Wastewater Division Plans,Existing, ,Barton,NVDA
Wastewater,Sanitary Manhole,Wastewater Division Plans,Existing, ,Barton,NVDA
Wastewater,Sanitary Manhole,Wastewater Division Plans,Existing, ,Barton,NVDA
Wastewater,Sanitary Manhole,Wastewater Division Plans,Existing, ,Barton,NVDA
Wastewater,Sanitary Manhole,Wastewater Division Plans,Existing, ,Barton,NVDA
Wastewater,Sanitary Manhole,Wastewater Division Plans,Existing, ,Barton,NVDA
Wastewater,Sanitary Manhole,Wastewater Division Plans,Existing, ,Barton,NVDA
Wastewater,Sanitary Manhole,Wastewater Division Plans,Existing, ,Barton,NVDA
Wastewater,Sanitary Manhole,Wastewater Division Plans,Existing, ,Barton,NVDA
Wastewater,Sanitary Manhole,Wastewater Division Plans,Existing, ,Barton,NVDA
Wastewater,Sanitary Manhole,Wastewater Division Plans,Existing, ,Barton,NVDA
Wastewater,Sanitary Manhole,Wastewater Division Plans,Existing, ,Barton,NVDA
Wastewater,Sanitary Manhole,Wastewater Division Plans,Existing, ,Barton,NVDA
Wastewater,Sanitary Manhole,Wastewater Division Plans,Existing, ,Barton,NVDA
Wastewater,Sanitary Manhole,Wastewater Division Plans,Existing, ,Barton,NVDA
Wastewater,Sanitary Manhole,Wastewater Division Plans,Existing, ,Barton,NVDA
Wastewater,Sanitary Manhole,Wastewater Division Plans,Existing, ,Barton,NVDA
Wastewater,Sanitary Manhole,Wastewater Division Plans,Existing, ,Barton,NVDA
Wastewater,Sanitary Manhole,Wastewater Division Plans,Existing, ,Barton,NVDA
Wastewater,Sanitary Manhole,Wastewater Division Plans,Existing, ,Barton,NVDA
Wastewater,Sanitary Manhole,Wastewater Division Plans,Existing, ,Barton,NVDA
Wastewater,Sanitary Manhole,Wastewater Division Plans,Existing, ,Barton,NVDA
Wastewater,Sanitary Manhole,Wastewater Division Plans,Existing, ,Barton,NVDA
Wastewater,Sanitary Manhole,Wastewater Division Plans,Existing, ,Barton,NVDA
Wastewater,Sanitary Manhole,Wastewater Division Plans,Existing, ,Barton,NVDA
Wastewater,Sanitary Manhole,Wastewater Division Plans,Existing, ,Barton,NVDA
Wastewater,Sanitary Manhole,Wastewater Division Plans,Existing, ,Barton,NVDA
Wastewater,Sanitary Manhole,Wastewater Division Plans,Existing, ,Barton,NVDA
Wastewater,Sanitary Manhole,Wastewater Division Plans,Existing, ,Barton,NVDA
Wastewater,Sanitary Manhole,Wastewater Division Plans,Existing, ,Barton,NVDA
Wastewater,Sanitary Manhole,Wastewater Division Plans,Existing, ,Barton,NVDA
Wastewater,Sanitary Manhole,Wastewater Division Plans,Existing, ,Barton,NVDA
Wastewater,Sanitary Manhole,Wastewater Division Plans,Existing, ,Barton,NVDA
Wastewater,Sanitary Manhole,Wastewater Division Plans,Existing, ,Barton,NVDA
Wastewater,Sanitary Manhole,Wastewater Division Plans,Existing, ,Barton,NVDA
Wastewater,Sanitary Manhole,Wastewater Division Plans,Existing, ,Barton,NVDA
Wastewater,Sanitary Manhole,Wastewater Division Plans,Existing, ,Barton,NVDA
Wastewater,Sanitary Manhole,Wastewater Division Plans,Existing, ,Barton,NVDA
Wastewater,Sanitary Manhole,Wastewater Division Plans,Existing, ,Barton,NVDA
Wastewater,Sanitary Manhole,Wastewater Division Plans,Existing, ,Barton,NVDA
Wastewater,Sanitary Manhole,Wastewater Division Plans,Existing, ,Barton,NVDA
Wastewater,Sanitary Manhole,Wastewater Division Plans,Existing, ,Barton,NVDA
Wastewater,Sanitary Manhole,Wastewater Division Plans,Existing, ,Barton,NVDA
Wastewater,Sanitary Manhole,Wastewater Division Plans,Existing, ,Barton,NVDA
Wastewater,Sanitary Manhole,Wastewater Division Plans,Existing, ,Barton,NVDA
Wastewater,Sanitary Manhole,Wastewater Division Plans,Existing, ,Barton,NVDA
Wastewater,Sanitary Manhole,Wastewater Division Plans,Existing, ,Barton,NVDA
Wastewater,Sanitary Manhole,Wastewater Division Plans,Existing, ,Barton,NVDA
Wastewater,Sanitary Manhole,Wastewater Division Plans,Existing, ,Barton,NVDA
Wastewater,Sanitary Manhole,Wastewater Division Plans,Existing, ,Barton,NVDA
Wastewater,Sanitary Manhole,Wastewater Division Plans,Existing, ,Barton,NVDA
Wastewater,Sanitary Manhole,Wastewater Division Plans,Existing, ,Barton,NVDA
Wastewater,Sanitary Manhole,Wastewater Division Plans,Existing, ,Barton,NVDA
Wastewater,Sanitary Manhole,Wastewater Division Plans,Existing, ,Barton,NVDA
Wastewater,Sanitary Manhole,Wastewater Division Plans,Existing, ,Barton,NVDA
Wastewater,Sanitary Manhole,Wastewater Division Plans,Existing, ,Barton,NVDA
Wastewater,Sanitary Manhole,Wastewater Division Plans,Existing, ,Barton,NVDA
Wastewater,Sanitary Manhole,Wastewater Division Plans,Existing, ,Barton,NVDA
Wastewater,Sanitary Manhole,Wastewater Division Plans,Existing, ,Barton,NVDA
Wastewater,Sanitary Manhole,Wastewater Division Plans,Existing, ,Barton,NVDA
Wastewater,Sanitary Manhole,Wastewater Division Plans,Existing, ,Barton,NVDA
Wastewater,Sanitary Manhole,Wastewater Division Plans,Existing, ,Barton,NVDA
Wastewater,Sanitary Manhole,Wastewater Division Plans,Existing, ,Barton,NVDA
Wastewater,Sanitary Manhole,Wastewater Division Plans,Existing, ,Barton,NVDA
Wastewater,Sanitary Manhole,Wastewater Division Plans,Existing, ,Barton,NVDA
Wastewater,Sanitary Manhole,Wastewater Division Plans,Existing, ,Barton,NVDA
Wastewater,Sanitary Manhole,Wastewater Division Plans,Existing, ,Barton,NVDA
Wastewater,Sanitary Manhole,Wastewater Division Plans,Existing, ,Barton,NVDA
Wastewater,Sanitary Manhole,Wastewater Division Plans,Existing, ,Barton,NVDA
Wastewater,Sanitary Manhole,Wastewater Division Plans,Existing, ,Barton,NVDA
Wastewater,Sanitary Manhole,Wastewater Division Plans,Existing, ,Barton,NVDA
Wastewater,Sanitary Manhole,Wastewater Division Plans,Existing, ,Barton,NVDA
Wastewater,Sanitary Manhole,Wastewater Division Plans,Existing, ,Barton,NVDA
Wastewater,Sanitary Manhole,Wastewater Division Plans,Existing, ,Barton,NVDA
Wastewater,Sanitary Manhole,Wastewater Division Plans,Existing, ,Barton,NVDA
Wastewater,Sanitary Manhole,Wastewater Division Plans,Existing, ,Barton,NVDA
Wastewater,Sanitary Manhole,Wastewater Division Plans,Existing, ,Barton,NVDA
Wastewater,Sanitary Manhole,Wastewater Division Plans,Existing, ,Barton,NVDA
Wastewater,Sanitary Manhole,Wastewater Division Plans,Existing, ,Barton,NVDA
Wastewater,Sanitary Manhole,Wastewater Division Plans,Existing, ,Barton,NVDA
Wastewater,Sanitary Manhole,Wastewater Division Plans,Existing, ,Barton,NVDA
Wastewater,Sanitary Manhole,Wastewater Division Plans,Existing, ,Barton,NVDA
Wastewater,Sanitary Manhole,Wastewater Division Plans,Existing, ,Barton,NVDA
Wastewater,Sanitary Manhole,Wastewater Division Plans,Existing, ,Barton,NVDA
Wastewater,Sanitary Manhole,Wastewater Division Plans,Existing, ,Barton,NVDA
Wastewater,Sanitary Manhole,Wastewater Division Plans,Existing, ,Barton,NVDA
Wastewater,Sanitary Manhole,Wastewater Division Plans,Existing, ,Barton,NVDA
Wastewater,Sanitary Manhole,Wastewater Division Plans,Existing, ,Barton,NVDA
Wastewater,Sanitary Manhole,Wastewater Division Plans,Existing, ,Barton,NVDA
Wastewater,Sanitary Manhole,Wastewater Division Plans,Existing, ,Barton,NVDA
Wastewater,Sanitary Manhole,Wastewater Division Plans,Existing, ,Barton,NVDA
Wastewater,Sanitary Manhole,Wastewater Division Plans,Existing, ,Barton,NVDA
Wastewater,Sanitary Manhole,Wastewater Division Plans,Existing, ,Barton,NVDA
Wastewater,Sanitary Manhole,Wastewater Division Plans,Existing, ,Barton,NVDA
Wastewater,Sanitary Manhole,Wastewater Division Plans,Existing, ,Barton,NVDA
Wastewater,Sanitary Manhole,Wastewater Division Plans,Existing, ,Barton,NVDA
Wastewater,Sanitary Manhole,Wastewater Division Plans,Existing, ,Barton,NVDA
Wastewater,Sanitary Manhole,Wastewater Division Plans,Existing, ,Barton,NVDA
Wastewater,Sanitary Manhole,Wastewater Division Plans,Existing, ,Barton,NVDA
Wastewater,Sanitary Manhole,Wastewater Division Plans,Existing, ,Barton,NVDA
Wastewater,Sanitary Manhole,Wastewater Division Plans,Existing, ,Barton,NVDA
Wastewater,Sanitary Manhole,Wastewater Division Plans,Existing, ,Barton,NVDA
Wastewater,Sanitary Manhole,Wastewater Division Plans,Existing, ,Barton,NVDA
Wastewater,Sanitary Manhole,Wastewater Division Plans,Existing, ,Barton,NVDA
Wastewater,Sanitary Manhole,Wastewater Division Plans,Existing, ,Barton,NVDA
Wastewater,Sanitary Manhole,Wastewater Division Plans,Existing, ,Barton,NVDA
Wastewater,Sanitary Manhole,Wastewater Division Plans,Existing, ,Barton,NVDA
