COUNTY,RPC,JXTN,JXTN_DIST_NAME,DIST_NAME,ABB_DIST_NAME,DIST_MAP,OVER_,EXT_DIST,DIST_TYPE,AFF_DIST,ELD_DIST,F1FDP,F2FDP,F3FDP,F4FDP,F5FDP,ADUDP,AFFDP,PRDDP,BASE_DENS,NOTES,F1F_MIN_LOT,F1F_FSET,F1F_SSET,F1F_RSET,F1F_FRONT,F1F_MAX_LOT_BLDG,F1F_MAX_LOT_IMP,F1F_PARK,F1F_STORIES,F1F_HEIGHT,F1F_FTA,F1F_MIN_UNIT,F1F_MIN_LOT_COND_ALT,F1F_FSET_COND_ALT,F1F_SSET_COND_ALT,F1F_RSET_COND_ALT,F1F_FRONT_COND_ALT,F1F_MAX_LOT_BLDG_COND_ALT,F1F_MAX_LOT_IMP_COND_ALT,F1F_PARK_COND_ALT,F1F_STORIES_COND_ALT,F1F_HEIGHT_COND_ALT,F1F_FTA_COND_ALT,F1F_MIN_UNIT_COND_ALT,F2F_AFF,F2F_ELD,F2F_MIN_LOT,F2F_MAX_DENS,F2F_FSET,F2F_SSET,F2F_RSET,F2F_FRONT,F2F_MAX_LOT_BLDG,F2F_MAX_LOT_IMP,F2F_PARK_1BR,F2F_PARK_2BR,F2F_STORIES,F2F_HEIGHT,F2F_FTA,F2F_MIN_UNIT,F2F_AFF_COND_ALT,F2F_ELD_COND_ALT,F2F_MIN_LOT_COND_ALT,F2F_MAX_DENS_COND_ALT,F2F_FSET_COND_ALT,F2F_SSET_COND_ALT,F2F_RSET_COND_ALT,F2F_FRONT_COND_ALT,F2F_MAX_LOT_BLDG_COND_ALT,F2F_MAX_LOT_IMP_COND_ALT,F2F_PARK_1BR_COND_ALT,F2F_PARK_2BR_COND_ALT,F2F_STORIES_COND_ALT,F2F_HEIGHT_COND_ALT,F2F_FTA_COND_ALT,F2F_MIN_UNIT_COND_ALT,F3F_AFF,F3F_ELD,F3F_MIN_LOT,F3F_MAX_DENS,F3F_FSET,F3F_SSET,F3F_RSET,F3F_FRONT,F3F_MAX_LOT_BLDG,F3F_MAX_LOT_IMP,F3F_PARK_1BR,F3F_PARK_2BR,F3F_CNXN_H2O,F3F_CNXN_TRANSIT,F3F_STORIES,F3F_HEIGHT,F3F_FTA,F3F_MIN_UNIT,F3F_BEDROOMS,F3F_AFF_COND_ALT,F3F_ELD_COND_ALT,F3F_MIN_LOT_COND_ALT,F3F_MAX_DENS_COND_ALT,F3F_FSET_COND_ALT,F3F_SSET_COND_ALT,F3F_RSET_COND_ALT,F3F_FRONT_COND_ALT,F3F_MAX_LOT_BLDG_COND_ALT,F3F_MAX_LOT_IMP_COND_ALT,F3F_PARK_1BR_COND_ALT,F3F_PARK_2BR_COND_ALT,F3F_CNXN_H2O_COND_ALT,F3F_CNXN_TRANSIT_COND_ALT,F3F_STORIES_COND_ALT,F3F_HEIGHT_COND_ALT,F3F_FTA_COND_ALT,F3F_MIN_UNIT_COND_ALT,F3F_BEDROOMS_COND_ALT,F4F_AFF,F4F_ELD,F4F_MIN_LOT,F4F_MAX_DENS,F4F_FSET,F4F_SSET,F4F_RSET,F4F_FRONT,F4F_MAX_LOT_BLDG,F4F_MAX_LOT_IMP,F4F_PARK_1BR,F4F_PARK_2BR,F4F_CNXN_H2O,F4F_CNXN_TRANSIT,F4F_STORIES,F4F_HEIGHT,F4F_FTA,F4F_MIN_UNIT,F4F_BEDROOMS,F4F_MAX_UNIT,F4F_AFF_COND_ALT,F4F_ELD_COND_ALT,F4F_MIN_LOT_COND_ALT,F4F_MAX_DENS_COND_ALT,F4F_FSET_COND_ALT,F4F_SSET_COND_ALT,F4F_RSET_COND_ALT,F4F_FRONT_COND_ALT,F4F_MAX_LOT_BLDG_COND_ALT,F4F_MAX_LOT_IMP_COND_ALT,F4F_PARK_1BR_COND_ALT,F4F_PARK_2BR_COND_ALT,F4F_CNXN_H2O_COND_ALT,F4F_CNXN_TRANSIT_COND_ALT,F4F_STORIES_COND_ALT,F4F_HEIGHT_COND_ALT,F4F_FTA_COND_ALT,F4F_MIN_UNIT_COND_ALT,F4F_BEDROOMS_COND_ALT,F4F_MAX_UNIT_COND_ALT,F5F_AFF,F5F_ELD,F5F_MIN_LOT,F5F_MAX_DENS,F5F_FSET,F5F_SSET,F5F_RSET,F5F_FRONT,F5F_MAX_LOT_BLDG,F5F_MAX_LOT_IMP,F5F_PARK_1BR,F5F_PARK_2BR,F5F_CNXN_H2O,F5F_CNXN_TRANSIT,F5F_STORIES,F5F_FEET,F5F_FTA,F5F_MIN_UNIT,F5F_BEDROOMS,F5F_MAX_UNIT,F5F_AFF_COND_ALT,F5F_ELD_COND_ALT,F5F_MIN_LOT_COND_ALT,F5F_MAX_DENS_COND_ALT,F5F_FSET_COND_ALT,F5F_SSET_COND_ALT,F5F_RSET_COND_ALT,F5F_FRONT_COND_ALT,F5F_MAX_LOT_BLDG_COND_ALT,F5F_MAX_LOT_IMP_COND_ALT,F5F_PARK_1BR_COND_ALT,F5F_PARK_2BR_COND_ALT,F5F_CNXN_H2O_COND_ALT,F5F_CNXN_TRANSIT_COND_ALT,F5F_STORIES_COND_ALT,F5F_FEET_COND_ALT,F5F_FTA_COND_ALT,F5F_MIN_UNIT_COND_ALT,F5F_BEDROOMS_COND_ALT,F5F_MAX_UNIT_COND_ALT,AFF_DEF,AFF_ELD_ONLY,AFF_MIN_LOT,AFF_MAX_DENS,AFF_PARK_1BR,AFF_PARK_2BR,AFF_MIN_UNIT,AFF_BEDROOMS,AFF_MAX_UNIT,AFF_DEF_COND_ALT,AFF_ELD_ONLY_COND_ALT,AFF_MIN_LOT_COND_ALT,AFF_MAX_DENS_COND_ALT,AFF_PARK_1BR_COND_ALT,AFF_PARK_2BR_COND_ALT,AFF_MIN_UNIT_COND_ALT,AFF_BEDROOMS_COND_ALT,AFF_MAX_UNIT_COND_ALT,ADU_EMP_REQD,ADU_RENTER_PROH,ADU_OWNER_REQD,ADU_ELD,ADU_MIN_LOT,ADU_PARK,ADU_PRIM_STRUC,ADU_MAX_PCT,ADU_MAX_SIZE,ADU_BEDROOMS,ADU_EMP_REQD_COND_ALT,ADU_RENTER_PROH_COND_ALT,ADU_OWNER_REQD_COND_ALT,ADU_ELD_COND_ALT,ADU_MIN_LOT_COND_ALT,ADU_PARK_COND_ALT,ADU_PRIM_STRUC_COND_ALT,ADU_MAX_PCT_COND_ALT,ADU_MAX_SIZE_COND_ALT,ADU_BEDROOMS_COND_ALT,PRD_MHP,PRD_MIN_LOT,PRD_MAX_DENS,PRD_MAX_UNIT,PUD_SUBDV,PUD_THRESH,PUD_ALLOW,PUD_CONSERVE,PRD_MHP_COND_ALT,PRD_MIN_LOT_COND_ALT,PRD_MAX_DENS_COND_ALT,PRD_MAX_UNIT_COND_ALT,PUD_SUBDV_COND_ALT,PUD_THRESH_COND_ALT,PUD_ALLOW_COND_ALT,PUD_CONSERVE_COND_ALT,BYLAW_EFF,Version,Acres,Shape_Length,Shape_Area
Lamoille,LCPC,Elmore ,Elmore Developed Shoreline,Developed Shoreline,Dshr,Yes,No,,Primarily Residential,No,No,Permitted,Prohibited,Prohibited,Prohibited,,Allowed/Conditional,Not Mentioned,Public Hearing,,All Lands Which Are Located Within 500 Feet Of The Shoreline Of Lake Elmore Minimum Setback From Lake Is 100 Feet.,1.000000000000000,20.000000000000000,10.000000000000000,,,,10.000000000000000,1.000000000000000,,30.000000000000000,,,,,,,,,,,,,,,No,No,,,,,,,,,,,,,,,,,,,,,,,,,,,,,,,No,No,,,,,,,,,,,No,No,,,,,,,,,,,,,,,,,,,,,,,,,No,No,,,,,,,,,,,No,No,,,,,,,,,,,,,,,,,,,,,,,,,,,,,,,,,,,,,,,,,,,,,,,,,,,,,,,,,,,,,,,,,,,,No,,,,,,,,,,,,,,,,,No,No,No,No,,1.000000000000000,No,30.000000000000000,800.000000000000000,,,,,,,,,,,,No,,,,,,,,,,,,,,,,2024-02-28,1,182.623720514843171,10651.180364512514643,739053.117156039574184
Lamoille,LCPC,Elmore ,Elmore Flood Hazard,Flood Hazard,Fld,Yes,Yes,,Overlay not Affecting Use,No,No,Overlay,Overlay,Overlay,Overlay,,Not Mentioned,Not Mentioned,Prohibited,,None,,,,,,,,,,,,,,,,,,,,,,,,,No,No,,,,,,,,,,,,,,,,,,,,,,,,,,,,,,,No,No,,,,,,,,,,,No,No,,,,,,,,,,,,,,,,,,,,,,,,,No,No,,,,,,,,,,,No,No,,,,,,,,,,,,,,,,,,,,,,,,,,,,,,,,,,,,,,,,,,,,,,,,,,,,,,,,,,,,,,,,,,,,No,,,,,,,,,,,,,,,,,No,No,No,No,,,No,,,,,,,,,,,,,,No,,,,,,,,,,,,,,,,2024-02-28,1,274.359346894503858,19286.290106868837029,1110294.599034838844091
Lamoille,LCPC,Elmore ,Elmore Forest Reserve,Forest Reserve,Fr,Yes,No,,Nonresidential,No,No,Public Hearing,Prohibited,Prohibited,Prohibited,,Prohibited,Not Mentioned,Prohibited,," Sf Allowed Only Below 1,500 Feet Mean Sea Level.

Setbacks to Be Determined By Development Review Board But In No Case Less Than 25 Feet.

Minimum Lot Size: (Residential): 7 Acre Per Principal Use For Lots Created After January 1, 2000 (See Section 3.5). Minimum Lot Size (Residential): 1.5 Acre Per Principal Use For Lots Created Prior to January 1, 2000 (See Section 3.5). ",7.000000000000000,25.000000000000000,25.000000000000000,25.000000000000000,,,1.500000000000000,1.000000000000000,,35.000000000000000,,,,,,,,,,,,,,,No,No,,,,,,,,,,,,,,,,,,,,,,,,,,,,,,,No,No,,,,,,,,,,,No,No,,,,,,,,,,,,,,,,,,,,,,,,,No,No,,,,,,,,,,,No,No,,,,,,,,,,,,,,,,,,,,,,,,,,,,,,,,,,,,,,,,,,,,,,,,,,,,,,,,,,,,,,,,,,,,No,,,,,,,,,,,,,,,,,No,No,No,No,,,No,,,,,,,,,,,,,,No,,,,,,,,,,,,,,,,2024-02-28,1,7583.547655117964496,41159.468092241659178,30689575.909503910690546
Lamoille,LCPC,Elmore ,Elmore Remote Area,Remote Area,Rao,Yes,Yes,,Overlay not Affecting Use,No,No,Overlay,Overlay,Overlay,Overlay,,Not Mentioned,Not Mentioned,Prohibited,, Overlay to Large Portions Of The Rural-East District. ,5.000000000000000,,,,,,3.000000000000000,,,35.000000000000000,,,,,,,,,,,,,,,No,No,5.000000000000000,0.200000000000000,,,,,,3.000000000000000,,,,35.000000000000000,,,,,,,,,,,,,,,,,,,No,No,,,,,,,,,,,No,No,,,,,,,,,,,,,,,,,,,,,,,,,No,No,,,,,,,,,,,No,No,,,,,,,,,,,,,,,,,,,,,,,,,,,,,,,,,,,,,,,,,,,,,,,,,,,,,,,,,,,,,,,,,,,,No,,,,,,,,,,,,,,,,,No,No,No,No,,,No,,,,,,,,,,,,,,No,,,,,,,,,,,,,,,,2024-02-28,1,7818.312188528276238,46069.526410021455376,31639635.735935233533382
Lamoille,LCPC,Elmore ,Elmore Rural East,Rural East,Re,Yes,No,,Primarily Residential,No,No,Permitted,Public Hearing,Public Hearing,Public Hearing,,Allowed/Conditional,Not Mentioned,Public Hearing,," Min. Lot Size: 2 Acres Per Principal Use For Lots Created After Jan 1, 2000 (See Sect. 3.5).
Min. Lot Size: 1acre Per Principal Use Lots Created Prior to Jan 1, 2000 (See Sect. 3.5). ",2.000000000000000,25.000000000000000,25.000000000000000,25.000000000000000,,,6.000000000000000,1.000000000000000,,35.000000000000000,,,,,,,,,,,,,,,No,No,2.000000000000000,0.500000000000000,25.000000000000000,25.000000000000000,25.000000000000000,,,6.000000000000000,1.000000000000000,1.000000000000000,,35.000000000000000,,,,,,,,,,,,,,,,,,,No,No,2.000000000000000,,25.000000000000000,25.000000000000000,25.000000000000000,,,6.000000000000000,1.000000000000000,1.000000000000000,No,No,,35.000000000000000,,,,,,,,,,,,,,,,,,,,,,,No,No,2.000000000000000,,25.000000000000000,25.000000000000000,25.000000000000000,,,6.000000000000000,1.000000000000000,1.000000000000000,No,No,,35.000000000000000,,,,,,,,,,,,,,,,,,,,,,,,,,,,,,,,,,,,,,,,,,,,,,,,,,,,,,,,,,,,,,,,,,No,,,,,,,,,,,,,,,,,No,No,No,No,,1.000000000000000,No,30.000000000000000,800.000000000000000,,,,,,,,,,,,No,,,,,,,,,,,,,,,,2024-02-28,1,16232.445406589664344,58131.435954319866141,65690477.354119352996349
Lamoille,LCPC,Elmore ,Elmore Rural West,Rural West,Rw,Yes,No,,Primarily Residential,No,No,Permitted,Public Hearing,Public Hearing,Public Hearing,,Allowed/Conditional,Not Mentioned,Public Hearing,," Minimum Lot Size 7 Acres/Principal Use After Jan 1, 2000 (See Sect. 3.5). 
Minimum Lot Size 1.5 Acres/Principal Use Before Jan 1, 2000 (See Sect. 3.5). ",7.000000000000000,50.000000000000000,50.000000000000000,50.000000000000000,,,2.000000000000000,1.000000000000000,,35.000000000000000,,,,,,,,,,,,,,,No,No,7.000000000000000,0.140000000000000,50.000000000000000,50.000000000000000,50.000000000000000,,,2.000000000000000,1.000000000000000,1.000000000000000,,35.000000000000000,,,,,,,,,,,,,,,,,,,No,No,7.000000000000000,,50.000000000000000,50.000000000000000,50.000000000000000,,,2.000000000000000,1.000000000000000,1.000000000000000,No,No,,35.000000000000000,,,,,,,,,,,,,,,,,,,,,,,No,No,7.000000000000000,,50.000000000000000,50.000000000000000,50.000000000000000,,,2.000000000000000,1.000000000000000,1.000000000000000,No,No,,35.000000000000000,,,,,,,,,,,,,,,,,,,,,,,,,,,,,,,,,,,,,,,,,,,,,,,,,,,,,,,,,,,,,,,,,,No,,,,,,,,,,,,,,,,,No,No,No,No,,1.000000000000000,No,30.000000000000000,800.000000000000000,,,,,,,,,,,,No,,,,,,,,,,,,,,,,2024-02-28,1,1209.959586818308026,16316.387123682408856,4896540.283759162761271
Lamoille,LCPC,Elmore ,Elmore Undeveloped Shoreline,Undeveloped Shoreline,Ushr,Yes,No,,Nonresidential,No,No,Prohibited,Prohibited,Prohibited,Prohibited,,Allowed/Conditional,Not Mentioned,Prohibited,, Minimum Setback Fro Shoreline Is 100 Feet. ,,,,,,,,,,,,,,,,,,,,,,,,,No,No,,,,,,,,,,,,,,,,,,,,,,,,,,,,,,,No,No,,,,,,,,,,,No,No,,,,,,,,,,,,,,,,,,,,,,,,,No,No,,,,,,,,,,,No,No,,,,,,,,,,,,,,,,,,,,,,,,,,,,,,,,,,,,,,,,,,,,,,,,,,,,,,,,,,,,,,,,,,,,No,,,,,,,,,,,,,,,,,No,No,No,No,,1.000000000000000,No,30.000000000000000,800.000000000000000,,,,,,,,,,,,No,,,,,,,,,,,,,,,,2024-02-28,1,269.901393934693033,8025.282194617003370,1092253.875618433579803
Lamoille,LCPC,Elmore ,Elmore Village,Village,Vlg,Yes,No,,Mixed with Residential,No,No,Permitted,Public Hearing,Public Hearing,Public Hearing,,Allowed/Conditional,Not Mentioned,Public Hearing,, Minimum Lot Size Is Waived If On Community Water System. ,0.690000000000000,15.000000000000000,15.000000000000000,25.000000000000000,,,60.000000000000000,1.000000000000000,,35.000000000000000,,,,,,,,"3,000 Sqft Footprint",,,,,,,No,No,0.690000000000000,,15.000000000000000,15.000000000000000,25.000000000000000,,,60.000000000000000,1.000000000000000,1.000000000000000,,35.000000000000000,,,,,,,,,,,3000 Sqft,,,,,,,,No,No,0.690000000000000,,15.000000000000000,15.000000000000000,25.000000000000000,,,60.000000000000000,1.000000000000000,1.000000000000000,No,No,,35.000000000000000,,,,,,,,,,,,3000 Sqft,,,,,,,,,,,No,No,0.690000000000000,,15.000000000000000,15.000000000000000,25.000000000000000,,,60.000000000000000,1.000000000000000,1.000000000000000,No,No,,35.000000000000000,,,,,,,,,,,,,3000 Sqft,,,,,,,,,,,,,,,,,,,,,,,,,,,,,,,,,,,,,,,,,,,,,,,,,,,,,No,,,,,,,,,,,,,,,,,No,No,No,No,,1.000000000000000,No,30.000000000000000,800.000000000000000,,,,,,,,,,,,No,,,,,,,,,,,,,,,,2024-02-28,1,55.691990274138369,2739.065079142179457,225377.836442558298586
Lamoille,LCPC,Hyde Park Town ,Hyde Park Town Conservation 10 Ac,Conservation 10 Ac,Con10,Yes,No,,Primarily Residential,No,No,Permitted,Permitted,Prohibited,Prohibited,,Allowed/Conditional,Not Mentioned,Allowed/Conditional,,None,10.000000000000000,50.000000000000000,25.000000000000000,25.000000000000000,200.000000000000000,,,,,45.000000000000000,,,,,,,,,,"1 - 1-Bedroom, 2-2+ Bedroom",,,,,No,No,10.000000000000000,0.100000000000000,50.000000000000000,25.000000000000000,25.000000000000000,200.000000000000000,,,1.000000000000000,2.000000000000000,,45.000000000000000,,,,,,,,,,,,,,,,,,,No,No,,,,,,,,,,,No,No,,,,,,,,,,,,,,,,,,,,,,,,,No,No,,,,,,,,,,,No,No,,,,,,,,,,,,,,,,,,,,,,,,,,,F,F,,,,,,,,,,,F,F,,,,,,,,,,,,,,,,,,,,,,,,,,,,No,,,,,,,,,,,,,,,,,No,No,Yes,No,,,No,30.000000000000000,,2.000000000000000,,,,,,1-2 Depending On Bedrooms,,,,,No,,,,T,,Yes,F,,,80%,,,,,,2024-05-29,1,2238.054716413661026,23372.709996867724840,9057100.084634713828564
Lamoille,LCPC,Hyde Park Town ,Hyde Park Town Conservation 27 Ac,Conservation 27 Ac,Con27,Yes,No,,Nonresidential,No,No,Prohibited,Prohibited,Prohibited,Prohibited,,Prohibited,Prohibited,Prohibited,,None,,,,,,,,,,,,,,,,,,,,,,,,,No,No,,,,,,,,,,,,,,,,,,,,,,,,,,,,,,,No,No,,,,,,,,,,,No,No,,,,,,,,,,,,,,,,,,,,,,,,,No,No,,,,,,,,,,,No,No,,,,,,,,,,,,,,,,,,,,,,,,,,,F,F,,,,,,,,,,,F,F,,,,,,,,,,,,,,,,,,,,,,,,,,,,No,,,,,,,,,,,,,,,,,No,No,No,No,,,No,,,,,,,,,,,,,,No,,,,T,,Yes,F,,,,,,,,,2024-05-29,1,2527.301369492611229,41601.785170601557184,10227641.567320009693503
Lamoille,LCPC,Hyde Park Town ,Hyde Park Town Core Forest And Wildlife Habitat Overlay,Core Forest And Wildlife Habitat Overlay,Cfwh,Yes,Yes,,Overlay not Affecting Use,No,No,Overlay,Overlay,Overlay,Overlay,,Not Mentioned,Not Mentioned,Not Mentioned,, Forest And Habitat Protection Overlay ,,,,,,,,,,,,,,,,,,,,,,,,,No,No,,,,,,,,,,,,,,,,,,,,,,,,,,,,,,,No,No,,,,,,,,,,,No,No,,,,,,,,,,,,,,,,,,,,,,,,,No,No,,,,,,,,,,,No,No,,,,,,,,,,,,,,,,,,,,,,,,,,,F,F,,,,,,,,,,,F,F,,,,,,,,,,,,,,,,,,,,,,,,,,,,No,,,,,,,,,,,,,,,,,No,No,No,No,,,No,,,,,,,,,,,,,,No,,,,F,,Yes,F,,,,,,,,,2024-05-29,1,15203.272839680532343,79440.942530163942138,61525557.312399715185165
Lamoille,LCPC,Hyde Park Town ,Hyde Park Town Flood Hazard Area Overlay,Flood Hazard Area Overlay,Fha,Yes,Yes,,Overlay not Affecting Use,No,No,Overlay,Overlay,Overlay,Overlay,,Not Mentioned,Not Mentioned,Not Mentioned,, Standard Flood Hazard Protection ,,,,,,,,,,,,,,,,,,,,,,,,,No,No,,,,,,,,,,,,,,,,,,,,,,,,,,,,,,,No,No,,,,,,,,,,,No,No,,,,,,,,,,,,,,,,,,,,,,,,,No,No,,,,,,,,,,,No,No,,,,,,,,,,,,,,,,,,,,,,,,,,,F,F,,,,,,,,,,,F,F,,,,,,,,,,,,,,,,,,,,,,,,,,,,No,,,,,,,,,,,,,,,,,No,No,No,No,,,No,,,,,,,,,,,,,,No,,,,F,,Yes,F,,,,,,,,,2024-05-29,1,1772.308743577115820,112444.329960134389694,7172290.093592260964215
Lamoille,LCPC,Hyde Park Town ,Hyde Park Town Green River Reservoir Viewshed Overlay,Green River Reservoir Viewshed Overlay,Grrv,Yes,Yes,,Overlay not Affecting Use,No,No,Overlay,Overlay,Overlay,Overlay,,Not Mentioned,Not Mentioned,Not Mentioned,, Viewshed Protection For Green River Reservoir ,,,,,,,,,,,,,,,,,,,,,,,,,No,No,,,,,,,,,,,,,,,,,,,,,,,,,,,,,,,No,No,,,,,,,,,,,No,No,,,,,,,,,,,,,,,,,,,,,,,,,No,No,,,,,,,,,,,No,No,,,,,,,,,,,,,,,,,,,,,,,,,,,F,F,,,,,,,,,,,F,F,,,,,,,,,,,,,,,,,,,,,,,,,,,,No,,,,,,,,,,,,,,,,,No,No,No,No,,,No,,,,,,,,,,,,,,No,,,,F,,Yes,F,,,,,,,,,2024-05-29,1,8755.898497826077801,25315.748802042729949,35433918.770668655633926
Lamoille,LCPC,Hyde Park Town Hyde Park Village ,Hyde Park Town Hyde Park Village Flood Hazard Area Overlay,Flood Hazard Area Overlay,Fha,Yes,Yes,,Overlay not Affecting Use,No,No,Overlay,Overlay,Overlay,Overlay,,Not Mentioned,Not Mentioned,Not Mentioned,,None,,,,,,,,,,,,,,,,,,,,,,,,,No,No,,,,,,,,,,,,,,,,,,,,,,,,,,,,,,,No,No,,,,,,,,,,,No,No,,,,,,,,,,,,,,,,,,,,,,,,,No,No,,,,,,,,,,,No,No,,,,,,,,,,,,,,,,,,,,,,,,,,,F,F,,,,,,,,,,,F,F,,,,,,,,,,,,,,,,,,,,,,,,,,,,No,,,,,,,,,,,,,,,,,No,No,No,No,,,No,,,,,,,,,,,,,,No,,,,,,,,,,,,,,,,2024-05-29,1,24.203953723976049,3324.371837843926187,97950.076785075361840
Lamoille,LCPC,Hyde Park Town Hyde Park Village ,Hyde Park Town Hyde Park Village Service Area Overlay,Service Area Overlay,Sao,Yes,Yes,,Overlay not Affecting Use,No,No,Overlay,Overlay,Overlay,Overlay,,Not Mentioned,Not Mentioned,Not Mentioned,, Allows For A Variety Of Highway/Auto-Orienced Uses As Conditional Uses At Main Entrances to The Village. ,,,,,,,,,,,,,,,,,,,,,,,,,No,No,,,,,,,,,,,,,,,,,,,,,,,,,,,,,,,No,No,,,,,,,,,,,No,No,,,,,,,,,,,,,,,,,,,,,,,,,No,No,,,,,,,,,,,No,No,,,,,,,,,,,,,,,,,,,,,,,,,,,F,F,,,,,,,,,,,F,F,,,,,,,,,,,,,,,,,,,,,,,,,,,,No,,,,,,,,,,,,,,,,,No,No,No,No,,,No,,,,,,,,,,,,,,No,,,,F,,Yes,F,,,,,,,,,2024-05-29,1,10.814561033847539,1263.104909986456050,43765.043337235343643
Lamoille,LCPC,Hyde Park Town Hyde Park Village ,Hyde Park Town Hyde Park Village Village Center,Village Center,Vc,Yes,No,,Mixed with Residential,No,No,Permitted,Permitted,Permitted,Public Hearing,,Allowed/Conditional,Not Mentioned,Public Hearing,3.000000000000000, 2 And 3 Dwelling Buildings Are Conditional On The Ground Floor Of A Principal Building And In A Carriage House ,,,6.000000000000000,6.000000000000000,,,60.000000000000000,,4.000000000000000,,,,,,,,,,,"1 For 1-Bedroom, 2 For 2+ Bedrooms",,,,,No,No,,3.000000000000000,,6.000000000000000,6.000000000000000,,,60.000000000000000,1.000000000000000,2.000000000000000,4.000000000000000,,,,,,,,,,,,,,,,,,,,No,No,,3.000000000000000,,6.000000000000000,6.000000000000000,,,60.000000000000000,1.000000000000000,2.000000000000000,No,No,4.000000000000000,,,,,,,,,,,,,,,,,,,,,,,,No,No,,3.000000000000000,,6.000000000000000,6.000000000000000,,,60.000000000000000,1.000000000000000,2.000000000000000,No,No,4.000000000000000,,,,,,,,,,,,,,,,,,,,,,,,,,F,F,,3,,6.000000000000000,6.000000000000000,,,60.000000000000000,1.000000000000000,2.000000000000000,F,F,4.000000000000000,,,,,,,,,,,,,,,,,,,,,,,,,,,No,,,,,,,,,,,,,,,,,No,No,Yes,No,,,No,30.000000000000000,,2.000000000000000,,,,,,"1 For 1-Bedroom, 2 For 2+ Bedrooms",,,,,No,,,,F,,Yes,F,,,15-25 Percent Increase,,,,,,2024-05-28,1,73.700701931317639,4526.714659253422724,298256.619377663882915
Lamoille,LCPC,Hyde Park Town Hyde Park Village ,Hyde Park Town Hyde Park Village Village Gateway Commercial,Village Gateway Commercial,Vgc,Yes,No,,Nonresidential,No,No,Prohibited,Prohibited,Prohibited,Prohibited,,Prohibited,Not Mentioned,Not Mentioned,,None,,,,,,,,,,,,,,,,,,,,,,,,,No,No,,,,,,,,,,,,,,,,,,,,,,,,,,,,,,,No,No,,,,,,,,,,,No,No,,,,,,,,,,,,,,,,,,,,,,,,,No,No,,,,,,,,,,,No,No,,,,,,,,,,,,,,,,,,,,,,,,,,,F,F,,,,,,,,,,,F,F,,,,,,,,,,,,,,,,,,,,,,,,,,,,No,,,,,,,,,,,,,,,,,No,No,No,No,,,No,,,,,,,,,,,,,,No,,,,,,,,,,,,,,,,2024-05-28,1,36.815164942012956,2021.530936220953663,148985.916683243791340
Lamoille,LCPC,Hyde Park Town Hyde Park Village ,Hyde Park Town Hyde Park Village Village Gateway Rural,Village Gateway Rural,Vgr,Yes,No,,Primarily Residential,No,No,Permitted,Permitted,Permitted,Public Hearing,,Allowed/Conditional,Not Mentioned,Public Hearing,0.660000000000000,None,1.500000000000000,40.000000000000000,15.000000000000000,15.000000000000000,90.000000000000000,,,,,45.000000000000000,,,,,,,,,,"1 For 1-Bedroom, 2 For 2+ Bedrooms",,,,,No,No,1.500000000000000,0.660000000000000,40.000000000000000,15.000000000000000,15.000000000000000,90.000000000000000,,,1.000000000000000,2.000000000000000,,45.000000000000000,,,,,,,,,,,,,,,,,,,No,No,1.500000000000000,0.660000000000000,40.000000000000000,15.000000000000000,15.000000000000000,90.000000000000000,,,1.000000000000000,2.000000000000000,No,No,,40.000000000000000,,,,,,,,,,,,,,,,,,,,,,,No,No,1.500000000000000,0.660000000000000,40.000000000000000,15.000000000000000,15.000000000000000,90.000000000000000,,,1.000000000000000,2.000000000000000,No,No,,40.000000000000000,,,,,,,,,,,,,,,,,,,,,,,,,F,F,1.500000000000000,0.66,40.000000000000000,15.000000000000000,15.000000000000000,90.000000000000000,,,1.000000000000000,2.000000000000000,F,F,,45.000000000000000,,,,,,,,,,,,,,,,,,,,,,,,,,No,,,,,,,,,,,,,,,,,No,No,Yes,No,,,No,30.000000000000000,,2.000000000000000,,,,,,"1 For 1-Bedroom, 2 For 2+ Bedrooms",,,,,No,,,,F,,Yes,F,,,15-25 Percent Increase,,,,,,2024-05-28,1,492.510287452006935,10241.483521518492125,1993121.496740280184895
Lamoille,LCPC,Hyde Park Town Hyde Park Village ,Hyde Park Town Hyde Park Village Village Residential,Village Residential,Vr,Yes,No,,Primarily Residential,No,No,Permitted,Permitted,Permitted,Public Hearing,,Allowed/Conditional,Not Mentioned,Public Hearing,4.000000000000000, 2 And 3 Dwelling Buildings Are Conditional In A Carriage House ,,,6.000000000000000,6.000000000000000,,,50.000000000000000,,3.500000000000000,,,,,,,,,,,"1 For 1-Bedroom, 2 For 2+ Bedrooms",,,,,No,No,,4.000000000000000,,6.000000000000000,6.000000000000000,,,50.000000000000000,1.000000000000000,2.000000000000000,3.500000000000000,,,,,,,,,,,,,,,,,,,,No,No,,4.000000000000000,,6.000000000000000,6.000000000000000,,,50.000000000000000,1.000000000000000,2.000000000000000,No,No,3.500000000000000,,,,,,,,,,,,,,,,,,,,,,,,No,No,,4.000000000000000,,6.000000000000000,6.000000000000000,,,50.000000000000000,1.000000000000000,2.000000000000000,No,No,3.500000000000000,,,,,,,,,,,,,,,,,,,,,,,,,,F,F,,4,,6.000000000000000,6.000000000000000,,,50.000000000000000,1.000000000000000,2.000000000000000,F,F,3.500000000000000,,,,,,,,,,,,,,,,,,,,,,,,,,,No,,,,,,,,,,,,,,,,,No,No,Yes,No,,,No,30.000000000000000,,2.000000000000000,,,,,,"1 For 1-Bedroom, 2 For 2+ Bedrooms",,,,,No,,,,F,,Yes,F,,,15-25 Percent Increase,,,,,,2024-05-28,1,144.640217334382299,8886.196139117351777,585339.096070019993931
Lamoille,LCPC,Hyde Park Town ,Hyde Park Town North Hyde Park Industrial,North Hyde Park Industrial,Nhpi,Yes,No,,Nonresidential,No,No,Prohibited,Prohibited,Prohibited,Prohibited,,Prohibited,Prohibited,Prohibited,,None,,,,,,,,,,,,,,,,,,,,,,,,,No,No,,,,,,,,,,,,,,,,,,,,,,,,,,,,,,,No,No,,,,,,,,,,,No,No,,,,,,,,,,,,,,,,,,,,,,,,,No,No,,,,,,,,,,,No,No,,,,,,,,,,,,,,,,,,,,,,,,,,,F,F,,,,,,,,,,,,,,,,,,,,,,,,,,,,,,,,,,,,,,,,No,,,,,,,,,,,,,,,,,No,No,No,No,,,No,,,,,,,,,,,,,,No,,,,F,,Yes,F,,,,,,,,,2024-05-29,1,130.623462927874726,5489.537618819084855,528615.215911756968126
Lamoille,LCPC,Hyde Park Town ,Hyde Park Town North Hyde Park Village,North Hyde Park Village,Nhpv,Yes,No,,Primarily Residential,No,No,Permitted,Permitted,Public Hearing,Public Hearing,,Allowed/Conditional,Not Mentioned,Allowed/Conditional,2.000000000000000," One Of Two Parts Of The North Hyde Park Village District

No Density Limit For Designated Elderly And Accessible Dwelling Units, In Which Case Density Shall Be Limited By Lot Coverage Only. ",,10.000000000000000,6.000000000000000,6.000000000000000,,,50.000000000000000,,2.000000000000000,35.000000000000000,,,,,,,,,,"1 - 1-Bedroom, 2-2+ Bedroom",,,,,No,No,,2.000000000000000,10.000000000000000,6.000000000000000,6.000000000000000,,,50.000000000000000,1.000000000000000,2.000000000000000,2.000000000000000,35.000000000000000,,,,,,,,,,,,,,,,,,,No,No,,2.000000000000000,10.000000000000000,6.000000000000000,6.000000000000000,,,50.000000000000000,1.000000000000000,2.000000000000000,No,No,2.000000000000000,35.000000000000000,,,,,,,,,,,,,,,,,,,,,,,No,No,,2.000000000000000,10.000000000000000,6.000000000000000,6.000000000000000,,,50.000000000000000,1.000000000000000,2.000000000000000,No,No,2.000000000000000,35.000000000000000,,,,,,,,,,,,,,,,,,,,,,,,,F,F,,,,,,,,,,,,,,,,,,,,,,,,,,,,,,,,,,,,,,,,No,,,,,,,,,,,,,,,,,No,No,Yes,No,,,No,30.000000000000000,,2.000000000000000,,,,,,1-2 Depending On Bedrooms,,,,,No,,,,F,,Yes,F,,,80%,,,,,,2024-05-29,1,361.100189947209856,10041.399953191245004,1461322.878724468639120
Lamoille,LCPC,Hyde Park Town ,Hyde Park Town North Hyde Park Village Core,North Hyde Park Village Core,Nhpvc,Yes,No,,Mixed with Residential,No,No,Permitted,Permitted,Public Hearing,Public Hearing,,Allowed/Conditional,Not Mentioned,Allowed/Conditional,," One Of Two Parts Of The North Hyde Park Village District

No Density Limit For Designated Elderly And Accessible Dwelling Units, In Which Case Density Shall Be Limited By Lot Coverage Only. ",,10.000000000000000,6.000000000000000,6.000000000000000,,,50.000000000000000,,2.500000000000000,35.000000000000000,,,,,,,,,,"1 - 1-Bedroom, 2-2+ Bedroom",,,,,No,No,,2.000000000000000,10.000000000000000,6.000000000000000,6.000000000000000,,,50.000000000000000,1.000000000000000,2.000000000000000,2.500000000000000,35.000000000000000,,,,,,,,,,,,,,,,,,,No,No,,2.000000000000000,10.000000000000000,6.000000000000000,6.000000000000000,,,50.000000000000000,1.000000000000000,2.000000000000000,No,No,2.500000000000000,35.000000000000000,,,,,,,,,,,,,,,,,,,,,,,No,No,,2.000000000000000,10.000000000000000,6.000000000000000,6.000000000000000,,,50.000000000000000,1.000000000000000,2.000000000000000,No,No,2.500000000000000,35.000000000000000,,,,,,,,,,,,,,,,,,,,,,,,,F,F,,2,,,,,,,,,,,,,,,,,,,,,,,,,,,,,,,,,,,,,,No,,,,,,,,,,,,,,,,,No,No,Yes,No,,,No,30.000000000000000,,2.000000000000000,,,,,,1-2 Depending On Bedrooms,,,,,No,,,,F,,Yes,F,,,80%,,,,,,2024-05-29,1,33.508018920684798,2458.648343858663793,135602.350906233361457
Lamoille,LCPC,Hyde Park Town ,Hyde Park Town Rural Residential 2,Rural Residential 2,Rr2,Yes,No,,Primarily Residential,No,No,Permitted,Permitted,Public Hearing,Public Hearing,,Allowed/Conditional,Not Mentioned,Allowed/Conditional,0.500000000000000,None,2.000000000000000,50.000000000000000,25.000000000000000,25.000000000000000,150.000000000000000,,,,,45.000000000000000,,,,,,,,,,"1 - 1-Bedroom, 2-2+ Bedroom",,,,,No,No,2.000000000000000,0.500000000000000,50.000000000000000,25.000000000000000,25.000000000000000,150.000000000000000,,,1.000000000000000,2.000000000000000,,45.000000000000000,,,,,,,,,,,,,,,,,,,No,No,2.000000000000000,0.500000000000000,50.000000000000000,25.000000000000000,25.000000000000000,150.000000000000000,,,1.000000000000000,2.000000000000000,No,No,,45.000000000000000,,,,,,,,,,,,,,,,,,,,,,,No,No,2.000000000000000,0.500000000000000,50.000000000000000,25.000000000000000,25.000000000000000,150.000000000000000,,,1.000000000000000,2.000000000000000,No,No,,45.000000000000000,,,,,,,,,,,,,,,,,,,,,,,,,F,F,5.000000000000000,0.2,50.000000000000000,25.000000000000000,25.000000000000000,150.000000000000000,,,1.000000000000000,2.000000000000000,F,F,,45.000000000000000,,,,,,,,,,,,,,,,,,,,,,,,,,No,,,,,,,,,,,,,,,,,No,No,Yes,No,,,No,30.000000000000000,,2.000000000000000,,,,,,1-2 Depending On Bedrooms,,,,,No,,,,F,,Yes,F,,,80%,,,,,,2024-05-29,1,10028.357905554381432,40681.953204568810179,40583387.246532365679741
Lamoille,LCPC,Hyde Park Town ,Hyde Park Town Rural Residential 5,Rural Residential 5,Rr5,Yes,No,,Primarily Residential,No,No,Permitted,Permitted,Public Hearing,Public Hearing,,Allowed/Conditional,Not Mentioned,Allowed/Conditional,0.200000000000000,None,5.000000000000000,50.000000000000000,25.000000000000000,25.000000000000000,200.000000000000000,,,,,45.000000000000000,,,,,,,,,,"1 - 1-Bedroom, 2-2+ Bedroom",,,,,No,No,5.000000000000000,0.200000000000000,50.000000000000000,25.000000000000000,25.000000000000000,200.000000000000000,,,1.000000000000000,2.000000000000000,,45.000000000000000,,,,,,,,,,,,,,,,,,,No,No,5.000000000000000,0.200000000000000,50.000000000000000,25.000000000000000,25.000000000000000,200.000000000000000,,,1.000000000000000,2.000000000000000,No,No,,45.000000000000000,,,,,,,,,,,,,,,,,,,,,,,No,No,5.000000000000000,0.200000000000000,50.000000000000000,25.000000000000000,25.000000000000000,200.000000000000000,,,1.000000000000000,2.000000000000000,No,No,,45.000000000000000,,,,,,,,,,,,,,,,,,,,,,,,,F,F,5.000000000000000,0.2,50.000000000000000,25.000000000000000,25.000000000000000,200.000000000000000,,,1.000000000000000,2.000000000000000,F,F,,45.000000000000000,,,,,,,,,,,,,,,,,,,,,,,,,,No,,,,,,,,,,,,,,,,,No,No,Yes,No,,,No,30.000000000000000,,2.000000000000000,,,,,,1-2 Depending On Bedrooms,,,,,No,,,,F,,Yes,F,,,80%,,,,,,2024-05-29,1,7609.620354394870446,52901.715455287223449,30795088.542906336486340
Lamoille,LCPC,Hyde Park Town ,Hyde Park Town Shoreland,Shoreland,Shr,Yes,No,,Primarily Residential,No,No,Public Hearing,Public Hearing,Prohibited,Prohibited,,Allowed/Conditional,Not Mentioned,Allowed/Conditional,0.100000000000000, 100-Ft Setback Required For Any Lake Or Pond ,10.000000000000000,50.000000000000000,25.000000000000000,25.000000000000000,200.000000000000000,,,,,45.000000000000000,,,,,,,,,,"1 - 1-Bedroom, 2-2+ Bedroom",,,,,No,No,10.000000000000000,0.100000000000000,50.000000000000000,25.000000000000000,25.000000000000000,200.000000000000000,,,1.000000000000000,2.000000000000000,,45.000000000000000,,,,,,,,,,,,,,,,,,,No,No,,,,,,,,,,,No,No,,,,,,,,,,,,,,,,,,,,,,,,,No,No,,,,,,,,,,,No,No,,,,,,,,,,,,,,,,,,,,,,,,,,,F,F,,,,,,,,,,,F,F,,,,,,,,,,,,,,,,,,,,,,,,,,,,No,,,,,,,,,,,,,,,,,No,No,Yes,No,,,No,30.000000000000000,,2.000000000000000,,,,,,1-2 Depending On Bedrooms,,,,,No,,,,F,,Yes,F,,,80%,,,,,,2024-05-29,1,1330.929480373273464,17849.454562447197532,5386088.830146186053753
Lamoille,LCPC,Hyde Park Town ,Hyde Park Town Vfw Business Park,Vfw Business Park,Vfw,Yes,No,,Nonresidential,No,No,Prohibited,Prohibited,Prohibited,Prohibited,,Prohibited,Prohibited,Prohibited,,None,,,,,,,,,,,,,,,,,,,,,,,,,No,No,,,,,,,,,,,,,,,,,,,,,,,,,,,,,,,No,No,,,,,,,,,,,No,No,,,,,,,,,,,,,,,,,,,,,,,,,No,No,,,,,,,,,,,No,No,,,,,,,,,,,,,,,,,,,,,,,,,,,F,F,,,,,,,,,,,F,F,,,,,,,,,,,,,,,,,,,,,,,,,,,,No,,,,,,,,,,,,,,,,,No,No,No,No,,,No,,,,,,,,,,,,,,No,,,,F,,Yes,F,,,,,,,,,2024-05-29,1,33.827544629591664,1800.398490546538596,136895.427569622872397
Lamoille,LCPC,Hyde Park Town ,Hyde Park Town Wellhead Protection Area Overlay,Wellhead Protection Area Overlay,Whpa,Yes,Yes,,Overlay not Affecting Use,No,No,Overlay,Overlay,Overlay,Overlay,,Not Mentioned,Not Mentioned,Not Mentioned,," 3 Wellhead Protection Zones, With Zone 1 Prohibiting Any New Development, And All Underlying Permitted Uses Treated As Conditional In Zones 2 And 3. ",,,,,,,,,,,,,,,,,,,,,,,,,No,No,,,,,,,,,,,,,,,,,,,,,,,,,,,,,,,No,No,,,,,,,,,,,No,No,,,,,,,,,,,,,,,,,,,,,,,,,No,No,,,,,,,,,,,No,No,,,,,,,,,,,,,,,,,,,,,,,,,,,F,F,,,,,,,,,,,F,F,,,,,,,,,,,,,,,,,,,,,,,,,,,,No,,,,,,,,,,,,,,,,,No,No,No,No,,,No,,,,,,,,,,,,,,No,,,,F,,Yes,F,,,,,,,,,2024-05-29,1,1035.793625725582842,18441.292853365299379,4191714.557477925904095
Lamoille,LCPC,Stowe Town ,Stowe Town Agricultural And Rural Residential 1,Agricultural And Rural Residential 1,Rr1,Yes,No,,Primarily Residential,No,No,Permitted,Permitted,Public Hearing,Public Hearing,,Allowed/Conditional,Allowed/Conditional,Public Hearing,,None,1.000000000000000,50.000000000000000,30.000000000000000,40.000000000000000,,,,2.000000000000000,,28.000000000000000,,,,,,,,,,,,,,,No,No,1.000000000000000,3.000000000000000,50.000000000000000,30.000000000000000,40.000000000000000,,,,2.000000000000000,2.000000000000000,,28.000000000000000,,,,,,,,,,,,,,,,,,,No,No,1.000000000000000,3.000000000000000,50.000000000000000,30.000000000000000,40.000000000000000,,,,2.000000000000000,2.000000000000000,No,No,,28.000000000000000,,,,,,,,,,,,,,,,,,,,,,,No,No,1.000000000000000,3.000000000000000,50.000000000000000,30.000000000000000,40.000000000000000,,,,2.000000000000000,2.000000000000000,No,No,,28.000000000000000,,,,,,,,,,,,,,,,,,,,,,,,,F,F,,,,,,,,,,,F,F,,,,,,,,,,,,,,,,,,,,,,,,,,,,No,,,2.000000000000000,2.000000000000000,,,,,,,,,,,,,No,No,No,No,,2.000000000000000,No,30.000000000000000,1200.000000000000000,2.000000000000000,,,,,,,,,,,No,3.000000000000000,3.000000000000000,,F,,Yes,T,,,,,,,,,2024-02-21,1,130.271216128209375,6177.010855473042284,527189.721487664617598
Lamoille,LCPC,Stowe Town ,Stowe Town Agricultural And Rural Residential 2,Agricultural And Rural Residential 2,Rr2,Yes,No,,Primarily Residential,No,No,Permitted,Permitted,Public Hearing,Public Hearing,,Allowed/Conditional,Allowed/Conditional,Public Hearing,,None,2.000000000000000,60.000000000000000,50.000000000000000,50.000000000000000,,,,2.000000000000000,,28.000000000000000,,,,,,,,,,,,,,,No,No,2.000000000000000,0.500000000000000,60.000000000000000,50.000000000000000,50.000000000000000,,,,2.000000000000000,2.000000000000000,,28.000000000000000,,,,,,,,,,,,,,,,,,,No,No,2.000000000000000,0.500000000000000,60.000000000000000,50.000000000000000,50.000000000000000,,,,2.000000000000000,2.000000000000000,No,No,,28.000000000000000,,,,,,,,,,,,,,,,,,,,,,,No,No,2.000000000000000,0.500000000000000,60.000000000000000,50.000000000000000,50.000000000000000,,,,2.000000000000000,2.000000000000000,No,No,,28.000000000000000,,,,,,,,,,,,,,,,,,,,,,,,,F,F,,,,,,,,,,,F,F,,,,,,,,,,,,,,,,,,,,,,,,,,,,No,,,2.000000000000000,2.000000000000000,,,,,,,,,,,,,No,No,No,No,,2.000000000000000,No,30.000000000000000,1200.000000000000000,2.000000000000000,,,,,,,,,,,Yes,3.000000000000000,0.500000000000000,,F,,Yes,T,,,,,,,,,2024-02-21,1,4801.917945393855007,85980.722665399080142,19432702.476250398904085
Lamoille,LCPC,Stowe Town ,Stowe Town Agricultural And Rural Residential 3,Agricultural And Rural Residential 3,Rr3,Yes,No,,Primarily Residential,No,No,Permitted,Permitted,Public Hearing,Public Hearing,,Allowed/Conditional,Allowed/Conditional,Public Hearing,,None,3.000000000000000,70.000000000000000,60.000000000000000,60.000000000000000,,,,2.000000000000000,,28.000000000000000,,,,,,,,,,,,,,,No,No,3.000000000000000,0.330000000000000,70.000000000000000,60.000000000000000,60.000000000000000,,,,2.000000000000000,2.000000000000000,,28.000000000000000,,,,,,,,,,,,,,,,,,,No,No,3.000000000000000,0.330000000000000,70.000000000000000,60.000000000000000,60.000000000000000,,,,2.000000000000000,2.000000000000000,No,No,,28.000000000000000,,,,,,,,,,,,,,,,,,,,,,,No,No,3.000000000000000,0.330000000000000,70.000000000000000,60.000000000000000,60.000000000000000,,,,2.000000000000000,2.000000000000000,No,No,,28.000000000000000,,,,,,,,,,,,,,,,,,,,,,,,,F,F,,,,,,,,,,,F,F,,,,,,,,,,,,,,,,,,,,,,,,,,,,No,,,2.000000000000000,2.000000000000000,,,,,,,,,,,,,No,No,No,No,,2.000000000000000,No,30.000000000000000,1200.000000000000000,2.000000000000000,,,,,,,,,,,Yes,3.000000000000000,0.330000000000000,,F,,Yes,T,,,,,,,,,2024-02-21,1,2540.198054293781752,31192.956806068126753,10279832.679604951292276
Lamoille,LCPC,Stowe Town ,Stowe Town Agricultural And Rural Residential 5,Agricultural And Rural Residential 5,Rr5,Yes,No,,Primarily Residential,No,No,Permitted,Permitted,Public Hearing,Public Hearing,,Allowed/Conditional,Allowed/Conditional,Public Hearing,,None,5.000000000000000,70.000000000000000,75.000000000000000,75.000000000000000,,,,2.000000000000000,,28.000000000000000,,,,,,,,,,,,,,,No,No,5.000000000000000,0.200000000000000,70.000000000000000,75.000000000000000,75.000000000000000,,,,2.000000000000000,2.000000000000000,,28.000000000000000,,,,,,,,,,,,,,,,,,,No,No,5.000000000000000,0.200000000000000,70.000000000000000,75.000000000000000,75.000000000000000,,,,2.000000000000000,2.000000000000000,No,No,,28.000000000000000,,,,,,,,,,,,,,,,,,,,,,,No,No,5.000000000000000,0.200000000000000,70.000000000000000,75.000000000000000,75.000000000000000,,,,2.000000000000000,2.000000000000000,No,No,,28.000000000000000,,,,,,,,,,,,,,,,,,,,,,,,,F,F,,,,,,,,,,,F,F,,,,,,,,,,,,,,,,,,,,,,,,,,,,No,,,2.000000000000000,2.000000000000000,,,,,,,,,,,,,No,No,No,No,,2.000000000000000,No,30.000000000000000,1200.000000000000000,2.000000000000000,,,,,,,,,,,Yes,3.000000000000000,0.200000000000000,,F,,Yes,T,,,,,,,,,2024-02-21,1,21807.994533784465602,168596.702620052266866,88253958.980127736926079
Lamoille,LCPC,Stowe Town ,Stowe Town Fluvial Erosion Hazard,Fluvial Erosion Hazard,Feh,Yes,Yes,,Overlay not Affecting Use,No,No,Overlay,Overlay,Overlay,Overlay,,Not Mentioned,Not Mentioned,Not Mentioned,,None,,,,,,,,,,,,,,,,,,,,,,,,,No,No,,,,,,,,,,,,,,,,,,,,,,,,,,,,,,,No,No,,,,,,,,,,,No,No,,,,,,,,,,,,,,,,,,,,,,,,,No,No,,,,,,,,,,,No,No,,,,,,,,,,,,,,,,,,,,,,,,,,,F,F,,,,,,,,,,,,,,,,,,,,,,,,,,,,,,,,,,,,,,,,No,,,,,,,,,,,,,,,,,No,No,No,No,,,No,,,,,,,,,,,,,,No,,,,,,,,,,,,,,,,2024-02-22,1,176.411292403801383,17172.314809340452484,713912.273745174636133
Lamoille,LCPC,Stowe Town ,Stowe Town Forest Reserve,Forest Reserve,Fr,Yes,No,,Nonresidential,No,No,Prohibited,Prohibited,Prohibited,Prohibited,,Prohibited,Prohibited,Prohibited,,None,,,,,,,,,,,,,,,,,,,,,,,,,No,No,,,,,,,,,,,,,,,,,,,,,,,,,,,,,,,No,No,,,,,,,,,,,No,No,,,,,,,,,,,,,,,,,,,,,,,,,No,No,,,,,,,,,,,No,No,,,,,,,,,,,,,,,,,,,,,,,,,,,,,,,,,,,,,,,,,,,,,,,,,,,,,,,,,,,,,,,,,,,,No,,,,,,,,,,,,,,,,,No,No,No,No,,,No,,,,,,,,,,,,,,No,,,,,,,,,,,,,,,,2024-02-21,1,16339.755308412566592,121968.677542314500897,66124745.789897270500660
Lamoille,LCPC,Stowe Town ,Stowe Town Highway Tourist,Highway Tourist,Ht,Yes,No,,Mixed with Residential,No,No,Permitted,Permitted,Public Hearing,Public Hearing,,Allowed/Conditional,Allowed/Conditional,Public Hearing,1.000000000000000,None,1.000000000000000,50.000000000000000,50.000000000000000,50.000000000000000,,10.000000000000000,,2.000000000000000,,28.000000000000000,,,,,,,,,,,,,,,No,No,1.000000000000000,3.000000000000000,50.000000000000000,50.000000000000000,50.000000000000000,,10.000000000000000,,2.000000000000000,2.000000000000000,,28.000000000000000,,,,,,,,,,,,,,,,,,,No,No,1.000000000000000,3.000000000000000,50.000000000000000,50.000000000000000,50.000000000000000,,10.000000000000000,,2.000000000000000,2.000000000000000,No,No,,28.000000000000000,,,,,,,,,,,,,,,,,,,,,,,No,No,1.000000000000000,3.000000000000000,50.000000000000000,50.000000000000000,50.000000000000000,,10.000000000000000,,2.000000000000000,2.000000000000000,No,No,,28.000000000000000,,,,,,,,,,,,,,,,,,,,,,,,,F,F,,,,,,,,,,,F,F,,,,,,,,,,,,,,,,,,,,,,,,,,,,No,,,2.000000000000000,2.000000000000000,,,,,,,,,,,,,No,No,No,No,,2.000000000000000,No,30.000000000000000,1200.000000000000000,2.000000000000000,,,,,,,,,,,No,3.000000000000000,3.000000000000000,,F,,Yes,T,,,,,,,,,2024-02-21,1,120.585207621438855,4905.448462871656375,487991.775243070151191
Lamoille,LCPC,Stowe Town ,Stowe Town Lower Village Commercial,Lower Village Commercial,Lvc,Yes,No,,Mixed with Residential,No,No,Permitted,Permitted,Public Hearing,Public Hearing,,Allowed/Conditional,Allowed/Conditional,Public Hearing,,None,0.460000000000000,10.000000000000000,10.000000000000000,10.000000000000000,,20.000000000000000,,2.000000000000000,,28.000000000000000,,,,,,,,,,,,,,,No,No,0.460000000000000,4.360000000000000,10.000000000000000,10.000000000000000,10.000000000000000,,20.000000000000000,,2.000000000000000,2.000000000000000,,28.000000000000000,,,,,,,,,,,,,,,,,,,No,No,0.460000000000000,6.220000000000000,10.000000000000000,10.000000000000000,10.000000000000000,,20.000000000000000,,2.000000000000000,2.000000000000000,No,No,,28.000000000000000,,,,,,,,,,,,,,,,,,,,,,,No,No,0.460000000000000,6.220000000000000,10.000000000000000,10.000000000000000,10.000000000000000,,20.000000000000000,,2.000000000000000,2.000000000000000,No,No,,28.000000000000000,,,,,,,,,,,,,,,,,,,,,,,,,F,F,,,,,,,,,,,F,F,,,,,,,,,,,,,,,,,,,,,,,,,,,,No,,9.330000000000000,2.000000000000000,2.000000000000000,,,,,,,,,,,,,No,No,No,No,,2.000000000000000,No,30.000000000000000,1200.000000000000000,2.000000000000000,,,,,,,,,,,No,3.000000000000000,9.330000000000000,,F,,Yes,T,,,,,,,,,2024-02-21,1,36.977244757980060,2441.374902273472344,149641.831439995381515
Lamoille,LCPC,Stowe Town ,Stowe Town Meadowland Overlay,Meadowland Overlay,Mod,Yes,Yes,,Overlay not Affecting Use,No,No,Overlay,Overlay,Overlay,Overlay,,Not Mentioned,Not Mentioned,Not Mentioned,," The Purpose Of The Meadowland Overlay District (Mod) Is to Protect Important Scenic And Ecological Resources Associated With Open Meadows, Floodplains, Wetlands And Historic Agricultural Land, Located Within And Adjacent to The Route 108 Corridor, Through The Careful Control Of Building Location And Site Design And The Transfer Of Development Density to More Appropriate Areas. ",,,,,,,,,,,,,,,,,,,,,,,,,No,No,,,,,,,,,,,,,,,,,,,,,,,,,,,,,,,No,No,,,,,,,,,,,No,No,,,,,,,,,,,,,,,,,,,,,,,,,No,No,,,,,,,,,,,No,No,,,,,,,,,,,,,,,,,,,,,,,,,,,F,F,,,,,,,,,,,,,,,,,,,,,,,,,,,,,,,,,,,,,,,,No,,,,,,,,,,,,,,,,,No,No,No,No,,,No,,,,,,,,,,,,,,No,,,,,,,,,,,,,,,,2024-02-22,1,210.359555397974049,11932.391140111720233,851296.231957969488576
Lamoille,LCPC,Stowe Town ,Stowe Town Moscow Commercial,Moscow Commercial,Mc,Yes,No,,Mixed with Residential,No,No,Permitted,Permitted,Public Hearing,Public Hearing,,Allowed/Conditional,Allowed/Conditional,Public Hearing,,None,0.460000000000000,20.000000000000000,20.000000000000000,50.000000000000000,,20.000000000000000,,2.000000000000000,,28.000000000000000,,,,,,,,,,,,,,,No,No,0.460000000000000,4.360000000000000,20.000000000000000,20.000000000000000,50.000000000000000,,20.000000000000000,,2.000000000000000,2.000000000000000,,28.000000000000000,,,,,,,,,,,,,,,,,,,No,No,0.460000000000000,4.360000000000000,20.000000000000000,20.000000000000000,50.000000000000000,,20.000000000000000,,2.000000000000000,2.000000000000000,No,No,,28.000000000000000,,,,,,,,,,,,,,,,,,,,,,,No,No,0.460000000000000,4.360000000000000,20.000000000000000,20.000000000000000,50.000000000000000,,20.000000000000000,,2.000000000000000,2.000000000000000,No,No,,28.000000000000000,,,,,,,,,,,,,,,,,,,,,,,,,F,F,,,,,,,,,,,F,F,,,,,,,,,,,,,,,,,,,,,,,,,,,,No,,,2.000000000000000,2.000000000000000,,,,,,,,,,,,,No,No,No,No,,2.000000000000000,No,30.000000000000000,1200.000000000000000,2.000000000000000,,,,,,,,,,,No,3.000000000000000,4.360000000000000,,F,,Yes,T,,,,,,,,,2024-02-21,1,108.600631114198620,2705.598618840738254,439491.839963572623674
Lamoille,LCPC,Stowe Town ,Stowe Town Mountain Road Crossroads,Mountain Road Crossroads,Mrc,Yes,No,,Mixed with Residential,No,No,Permitted,Permitted,Public Hearing,Public Hearing,,Allowed/Conditional,Allowed/Conditional,Public Hearing,,None,0.460000000000000,20.000000000000000,10.000000000000000,20.000000000000000,,20.000000000000000,,2.000000000000000,,28.000000000000000,,,,,,,,,,,,,,,No,No,0.460000000000000,4.360000000000000,20.000000000000000,10.000000000000000,20.000000000000000,,20.000000000000000,,2.000000000000000,2.000000000000000,,28.000000000000000,,,,,,,,,,,,,,,,,,,No,No,0.460000000000000,6.220000000000000,20.000000000000000,10.000000000000000,20.000000000000000,,20.000000000000000,,2.000000000000000,2.000000000000000,No,No,,28.000000000000000,,,,,,,,,,,,,,,,,,,,,,,No,No,0.460000000000000,6.220000000000000,20.000000000000000,10.000000000000000,20.000000000000000,,20.000000000000000,,2.000000000000000,2.000000000000000,No,No,,28.000000000000000,,,,,,,,,,,,,,,,,,,,,,,,,F,F,,,,,,,,,,,F,F,,,,,,,,,,,,,,,,,,,,,,,,,,,,No,,9.330000000000000,2.000000000000000,2.000000000000000,,,,,,,,,,,,,No,No,No,No,,2.000000000000000,No,30.000000000000000,1200.000000000000000,2.000000000000000,,,,,,,,,,,No,3.000000000000000,9.330000000000000,,F,,Yes,T,,,,,,,,,2024-02-21,1,31.282396599749507,1560.289011986802734,126595.563018755201483
Lamoille,LCPC,Stowe Town ,Stowe Town Mountain Road Village,Mountain Road Village,Mrv,Yes,No,,Mixed with Residential,No,No,Permitted,Permitted,Public Hearing,Public Hearing,,Allowed/Conditional,Allowed/Conditional,Public Hearing,,None,0.460000000000000,20.000000000000000,10.000000000000000,20.000000000000000,,20.000000000000000,,2.000000000000000,,28.000000000000000,,,,,,,,,,,,,,,No,No,0.460000000000000,4.360000000000000,20.000000000000000,10.000000000000000,20.000000000000000,,20.000000000000000,,2.000000000000000,2.000000000000000,,28.000000000000000,,,,,,,,,,,,,,,,,,,No,No,0.460000000000000,6.220000000000000,20.000000000000000,10.000000000000000,20.000000000000000,,20.000000000000000,,2.000000000000000,2.000000000000000,No,No,,28.000000000000000,,,,,,,,,,,,,,,,,,,,,,,No,No,0.460000000000000,6.220000000000000,20.000000000000000,10.000000000000000,20.000000000000000,,20.000000000000000,,2.000000000000000,2.000000000000000,No,No,,28.000000000000000,,,,,,,,,,,,,,,,,,,,,,,,,F,F,,,,,,,,,,,F,F,,,,,,,,,,,,,,,,,,,,,,,,,,,,No,,9.330000000000000,2.000000000000000,2.000000000000000,,,,,,,,,,,,,No,No,No,No,,2.000000000000000,No,30.000000000000000,1200.000000000000000,2.000000000000000,,,,,,,,,,,No,3.000000000000000,9.330000000000000,,F,,Yes,T,,,,,,,,,2024-02-21,1,115.951458199390558,3277.079693599067468,469239.627686168008950
Lamoille,LCPC,Stowe Town ,Stowe Town Ridgeline And Hillside Overlay,Ridgeline And Hillside Overlay,Rhod,Yes,Yes,,Overlay not Affecting Use,No,No,Overlay,Overlay,Overlay,Overlay,,Not Mentioned,Not Mentioned,Not Mentioned,," The Purpose Of The Ridgeline/Hillside Overlay District (Rhod) Is to Protect The Scenic And Ecological Resources Associated With Lands Characterized By High Elevations, Steep Slopes And Visual Sensitivity In A Manner That Allows For Carefully Designed, Low-Impact Development.

Portions Of A Site With A Slope In Excess Of 20% Has A Minimum Lot Area Of 4x The Underlying District. Use Is not Affected. ",,,,,,,,,,,,,,,,,,,,,,,,,No,No,,,,,,,,,,,,,,,,,,,,,,,,,,,,,,,No,No,,,,,,,,,,,No,No,,,,,,,,,,,,,,,,,,,,,,,,,No,No,,,,,,,,,,,No,No,,,,,,,,,,,,,,,,,,,,,,,,,,,F,F,,,,,,,,,,,F,F,,,,,,,,,,,,,,,,,,,,,,,,,,,,No,,,,,,,,,,,,,,,,,No,No,No,No,,,No,,,,,,,,,,,,,,No,,,,,,,,,,,,,,,,2024-02-22,1,23131.938260647199058,155182.133342103537871,93611777.425172284245491
Lamoille,LCPC,Stowe Town ,Stowe Town Source Protection Overlay,Source Protection Overlay,Spo,Yes,Yes,,Overlay not Affecting Use,No,No,Overlay,Overlay,Overlay,Overlay,,Not Mentioned,Not Mentioned,Not Mentioned,,None,,,,,,,,,,,,,,,,,,,,,,,,,No,No,,,,,,,,,,,,,,,,,,,,,,,,,,,,,,,No,No,,,,,,,,,,,No,No,,,,,,,,,,,,,,,,,,,,,,,,,No,No,,,,,,,,,,,No,No,,,,,,,,,,,,,,,,,,,,,,,,,,,F,F,,,,,,,,,,,F,F,,,,,,,,,,,,,,,,,,,,,,,,,,,,No,,,,,,,,,,,,,,,,,No,No,No,No,,,No,,,,,,,,,,,,,,No,,,,F,,Yes,T,,,,,,,,,2024-02-22,1,1163.521849952418279,9199.647485496858280,4708613.139970531687140
Lamoille,LCPC,Stowe Town ,Stowe Town Stowe Historic Overlay,Stowe Historic Overlay,Sh,Yes,Yes,,Overlay not Affecting Use,No,No,Overlay,Overlay,Overlay,Overlay,,Not Mentioned,Not Mentioned,Not Mentioned,,None,,,,,,,,,,,,,,,,,,,,,,,,,No,No,,,,,,,,,,,,,,,,,,,,,,,,,,,,,,,No,No,,,,,,,,,,,No,No,,,,,,,,,,,,,,,,,,,,,,,,,No,No,,,,,,,,,,,No,No,,,,,,,,,,,,,,,,,,,,,,,,,,,F,F,,,,,,,,,,,F,F,,,,,,,,,,,,,,,,,,,,,,,,,,,,No,,,,,,,,,,,,,,,,,No,No,No,No,,,No,,,,,,,,,,,,,,No,,,,,,,,,,,,,,,,2024-02-22,1,121.702622294603145,5791.546500812729391,492513.798970490810461
Lamoille,LCPC,Stowe Town Stowe Village ,Stowe Town Stowe Village Fluvial Erosion Hazard Overlay,Fluvial Erosion Hazard Overlay,Feh,Yes,Yes,,Overlay not Affecting Use,No,No,Overlay,Overlay,Overlay,Overlay,,Not Mentioned,Not Mentioned,Not Mentioned,,None,,,,,,,,,,,,,,,,,,,,,,,,,No,No,,,,,,,,,,,,,,,,,,,,,,,,,,,,,,,No,No,,,,,,,,,,,No,No,,,,,,,,,,,,,,,,,,,,,,,,,No,No,,,,,,,,,,,No,No,,,,,,,,,,,,,,,,,,,,,,,,,,,,,,,,,,,,,,,,,,,,,,,,,,,,,,,,,,,,,,,,,,,,No,,,,,,,,,,,,,,,,,No,No,No,No,,,No,,,,,,,,,,,,,,No,,,,,,,,,,,,,,,,2024-05-29,1,10.927124301809117,1254.201747791024218,44220.571424330213631
Lamoille,LCPC,Stowe Town Stowe Village ,Stowe Town Stowe Village Ridgeline And Hillside Overlay,Ridgeline And Hillside Overlay,Rhod,Yes,Yes,,Overlay not Affecting Use,No,No,Overlay,Overlay,Overlay,Overlay,,Not Mentioned,Not Mentioned,Not Mentioned,,None,,,,,,,,,,,,,,,,,,,,,,,,,No,No,,,,,,,,,,,,,,,,,,,,,,,,,,,,,,,No,No,,,,,,,,,,,No,No,,,,,,,,,,,,,,,,,,,,,,,,,No,No,,,,,,,,,,,No,No,,,,,,,,,,,,,,,,,,,,,,,,,,,,,,,,,,,,,,,,,,,,,,,,,,,,,,,,,,,,,,,,,,,,No,,,,,,,,,,,,,,,,,No,No,No,No,,,No,,,,,,,,,,,,,,No,,,,,,,,,,,,,,,,2024-05-29,1,70.757461149837624,2478.304297117122132,286345.728131108742673
Lamoille,LCPC,Stowe Town Stowe Village ,Stowe Town Stowe Village Stowe Historic Overlay,Stowe Historic Overlay,Sh,Yes,Yes,,Overlay not Affecting Use,No,No,Overlay,Overlay,Overlay,Overlay,,Not Mentioned,Not Mentioned,Not Mentioned,,None,,,,,,,,,,,,,,,,,,,,,,,,,No,No,,,,,,,,,,,,,,,,,,,,,,,,,,,,,,,No,No,,,,,,,,,,,No,No,,,,,,,,,,,,,,,,,,,,,,,,,No,No,,,,,,,,,,,No,No,,,,,,,,,,,,,,,,,,,,,,,,,,,,,,,,,,,,,,,,,,,,,,,,,,,,,,,,,,,,,,,,,,,,No,,,,,,,,,,,,,,,,,No,No,No,No,,,No,,,,,,,,,,,,,,No,,,,,,,,,,,,,,,,2024-05-29,1,222.228437134067349,6822.085174751352497,899327.966387031134218
Lamoille,LCPC,Stowe Town Stowe Village ,Stowe Town Stowe Village Stowe Village Pud,Stowe Village Pud,Vil Pud,Yes,Yes,,Overlay not Affecting Use,No,No,Overlay,Overlay,Overlay,Overlay,,Allowed/Conditional,Not Mentioned,Public Hearing,," Stowe’s Village Pud Is not A Stand Alone Zoning District. It’s Actually An Overlay With Defined Boundaries In The Village Area Where An Applicant Can Request to Utilize Their Pre-Define Pud Process And Standards. The Other Pud’s In Their Ordinance Are Floating And Can Go In Any Of A Variety Of Places, But This One Is Fixed to Apply Only With The Village. 

One And Two Family Dwelling Are Permitted Provided That Each Dwelling Unit Has A Minimum Lot Of Ten Thousand (10,000) Sq. Ft. Per Family, Otherwise Treated As A Conditional Use With No Minimum Lot Size.

Two Parking Spaces Required Per Dwelling Unit. ",,,,,,,,,,,,,,,,,,,,,,,,,No,No,,,,,,,,,,,,,,,,,,,,,,,,,,,,,,,No,No,,,,,,,,,,,No,No,,,,,,,,,,,,,,,,,,,,,,,,,No,No,,,,,,,,,,,No,No,,,,,,,,,,,,,,,,,,,,,,,,,,,F,F,,,,,,,,,,,,,,,,,,,,,,,,,,,,,,,,,,,,,,,,No,,,,,,,,,,,,,,,,,No,No,No,No,,,No,,,,,,,,,,,,,,No,,3.260000000000000,300.000000000000000,F,,Yes,F,,,,,,,,,2024-05-29,1,98.001174396782034,4444.723601779254750,396597.294254596345127
Lamoille,LCPC,Stowe Town Stowe Village ,Stowe Town Stowe Village Village Commercial 10,Village Commercial 10,Vc 10,Yes,No,,Mixed with Residential,No,No,Permitted,Permitted,Public Hearing,Public Hearing,,Allowed/Conditional,Allowed/Conditional,Public Hearing,,None,0.230000000000000,10.000000000000000,10.000000000000000,10.000000000000000,,50.000000000000000,,1.000000000000000,,28.000000000000000,,,,,,,,,,,,,,,No,No,0.230000000000000,17.420000000000002,10.000000000000000,10.000000000000000,10.000000000000000,,50.000000000000000,,1.000000000000000,1.000000000000000,,28.000000000000000,,,,,,,,,,,,,,,,,,,No,No,0.230000000000000,17.420000000000002,10.000000000000000,10.000000000000000,10.000000000000000,,50.000000000000000,,1.000000000000000,1.000000000000000,No,No,,28.000000000000000,,,,,,,,,,,,,,,,,,,,,,,No,No,0.230000000000000,17.420000000000002,10.000000000000000,10.000000000000000,10.000000000000000,,50.000000000000000,,1.000000000000000,1.000000000000000,No,No,,28.000000000000000,,,,,,,,,,,,,,,,,,,,,,,,,F,F,,,,,,,,,,,F,F,,,,,,,,,,,,,,,,,,,,,,,,,,,,No,,26.140000000000001,1.000000000000000,1.000000000000000,,,,,,,,,,,,,No,No,No,No,,1.000000000000000,No,30.000000000000000,1200.000000000000000,2.000000000000000,,,,,,,,,,,No,3.000000000000000,26.140000000000001,,F,,Yes,T,,,,,,,,,2024-05-29,1,71.825573186613795,4916.084331109739651,290668.230859811767004
Lamoille,LCPC,Stowe Town Stowe Village ,Stowe Town Stowe Village Village Commercial 30,Village Commercial 30,Vc 30,Yes,No,,Mixed with Residential,No,No,Permitted,Permitted,Public Hearing,Public Hearing,,Allowed/Conditional,Allowed/Conditional,Allowed/Conditional,,None,0.460000000000000,10.000000000000000,20.000000000000000,20.000000000000000,,30.000000000000000,,2.000000000000000,,28.000000000000000,,,,,,,,,,,,,,,No,No,0.460000000000000,6.220000000000000,10.000000000000000,20.000000000000000,20.000000000000000,,30.000000000000000,,2.000000000000000,2.000000000000000,,28.000000000000000,,,,,,,,,,,,,,,,,,,No,No,0.460000000000000,6.220000000000000,10.000000000000000,20.000000000000000,20.000000000000000,,30.000000000000000,,2.000000000000000,2.000000000000000,No,No,,28.000000000000000,,,,,,,,,,,,,,,,,,,,,,,No,No,0.460000000000000,6.220000000000000,10.000000000000000,20.000000000000000,20.000000000000000,,30.000000000000000,,2.000000000000000,2.000000000000000,No,No,,28.000000000000000,,,,,,,,,,,,,,,,,,,,,,,,,F,F,,,,,,,,,,,F,F,,,,,,,,,,,,,,,,,,,,,,,,,,,,No,,9.330000000000000,2.000000000000000,2.000000000000000,,,,,,,,,,,,,No,No,No,No,,2.000000000000000,No,30.000000000000000,1200.000000000000000,2.000000000000000,,,,,,,,,,,No,3.000000000000000,9.330000000000000,,F,,Yes,T,,,,,,,,,2024-05-29,1,35.889299495009837,2285.811265875717709,145239.066368587577017
Lamoille,LCPC,Stowe Town Stowe Village ,Stowe Town Stowe Village Village Residential 20,Village Residential 20,Vr 20,Yes,No,,Primarily Residential,No,No,Permitted,Permitted,Public Hearing,Public Hearing,,Allowed/Conditional,Allowed/Conditional,Public Hearing,,None,0.690000000000000,20.000000000000000,10.000000000000000,40.000000000000000,,30.000000000000000,,2.000000000000000,,28.000000000000000,,,,,,,,,,,,,,,No,No,0.690000000000000,4.360000000000000,20.000000000000000,10.000000000000000,40.000000000000000,,30.000000000000000,,2.000000000000000,2.000000000000000,,28.000000000000000,,,,,,,,,,,,,,,,,,,No,No,0.690000000000000,4.360000000000000,20.000000000000000,10.000000000000000,40.000000000000000,,30.000000000000000,,2.000000000000000,2.000000000000000,No,No,,28.000000000000000,,,,,,,,,,,,,,,,,,,,,,,No,No,0.690000000000000,4.360000000000000,20.000000000000000,10.000000000000000,40.000000000000000,,30.000000000000000,,2.000000000000000,2.000000000000000,No,No,,28.000000000000000,,,,,,,,,,,,,,,,,,,,,,,,,F,F,,,,,,,,,,,F,F,,,,,,,,,,,,,,,,,,,,,,,,,,,,No,,,2.000000000000000,2.000000000000000,,,,,,,,,,,,,No,No,No,No,,2.000000000000000,No,30.000000000000000,1200.000000000000000,2.000000000000000,,,,,,,,,,,No,3.000000000000000,4.360000000000000,,F,,Yes,T,,,,,,,,,2024-05-29,1,60.533026251776420,3722.253782005981066,244968.844223210442578
Lamoille,LCPC,Stowe Town Stowe Village ,Stowe Town Stowe Village Village Residential 40,Village Residential 40,Vr 40,Yes,No,,Primarily Residential,No,No,Permitted,Permitted,Public Hearing,Public Hearing,,Allowed/Conditional,Allowed/Conditional,Public Hearing,,None,0.920000000000000,30.000000000000000,25.000000000000000,50.000000000000000,,15.000000000000000,,2.000000000000000,,28.000000000000000,,,,,,,,,,,,,,,No,No,0.920000000000000,2.180000000000000,30.000000000000000,25.000000000000000,50.000000000000000,,15.000000000000000,,2.000000000000000,2.000000000000000,,28.000000000000000,,,,,,,,,,,,,,,,,,,No,No,0.920000000000000,2.180000000000000,30.000000000000000,25.000000000000000,50.000000000000000,,15.000000000000000,,2.000000000000000,2.000000000000000,No,No,,28.000000000000000,,,,,,,,,,,,,,,,,,,,,,,No,No,0.920000000000000,2.180000000000000,30.000000000000000,25.000000000000000,50.000000000000000,,15.000000000000000,,2.000000000000000,2.000000000000000,No,No,,28.000000000000000,,,,,,,,,,,,,,,,,,,,,,,,,F,F,,,,,,,,,,,F,F,,,,,,,,,,,,,,,,,,,,,,,,,,,,No,,,2.000000000000000,2.000000000000000,,,,,,,,,,,,,No,No,No,No,,2.000000000000000,No,30.000000000000000,1200.000000000000000,2.000000000000000,,,,,,,,,,,No,3.000000000000000,2.180000000000000,,F,,Yes,T,,,,,,,,,2024-05-29,1,232.394784018156230,8359.310591112716793,940469.776079626986757
Lamoille,LCPC,Stowe Town ,Stowe Town Upper Mountain Road,Upper Mountain Road,Umr,Yes,No,,Mixed with Residential,No,No,Permitted,Permitted,Public Hearing,Public Hearing,,Allowed/Conditional,Allowed/Conditional,Public Hearing,,None,1.000000000000000,50.000000000000000,50.000000000000000,50.000000000000000,,8.000000000000000,,2.000000000000000,,28.000000000000000,,,,,,,,,,,,,,,No,No,1.000000000000000,3.000000000000000,50.000000000000000,50.000000000000000,50.000000000000000,,8.000000000000000,,2.000000000000000,2.000000000000000,,28.000000000000000,,,,,,,,,,,,,,,,,,,No,No,1.000000000000000,3.000000000000000,50.000000000000000,50.000000000000000,50.000000000000000,,8.000000000000000,,2.000000000000000,2.000000000000000,No,No,,28.000000000000000,,,,,,,,,,,,,,,,,,,,,,,No,No,1.000000000000000,3.000000000000000,50.000000000000000,50.000000000000000,50.000000000000000,,8.000000000000000,,2.000000000000000,2.000000000000000,No,No,,28.000000000000000,,,,,,,,,,,,,,,,,,,,,,,,,F,F,,,,,,,,,,,F,F,,,,,,,,,,,,,,,,,,,,,,,,,,,,No,,,2.000000000000000,2.000000000000000,,,,,,,,,,,,,No,No,No,No,,2.000000000000000,No,30.000000000000000,1200.000000000000000,2.000000000000000,,,,,,,,,,,No,3.000000000000000,3.000000000000000,,F,,Yes,T,,,,,,,,,2024-02-21,1,457.143179819146951,11722.029340532904826,1849995.669125055894256
Lamoille,LCPC,Stowe Town ,Stowe Town West Branch Community Service,West Branch Community Service,Wbcs,Yes,No,,Mixed with Residential,No,No,Permitted,Permitted,Public Hearing,Public Hearing,,Allowed/Conditional,Allowed/Conditional,Public Hearing,,None,1.000000000000000,60.000000000000000,35.000000000000000,35.000000000000000,,35.000000000000000,,2.000000000000000,,28.000000000000000,,,,,,,,,,,,,,,No,No,1.000000000000000,2.000000000000000,60.000000000000000,35.000000000000000,35.000000000000000,,35.000000000000000,,2.000000000000000,2.000000000000000,,28.000000000000000,,,,,,,,,,,,,,,,,,,No,No,1.000000000000000,2.000000000000000,60.000000000000000,35.000000000000000,35.000000000000000,,35.000000000000000,,2.000000000000000,2.000000000000000,No,No,,28.000000000000000,,,,,,,,,,,,,,,,,,,,,,,No,No,1.000000000000000,2.000000000000000,60.000000000000000,35.000000000000000,35.000000000000000,,35.000000000000000,,2.000000000000000,2.000000000000000,No,No,,28.000000000000000,,,,,,,,,,,,,,,,,,,,,,,,,F,F,,,,,,,,,,,F,F,,,,,,,,,,,,,,,,,,,,,,,,,,,,No,,,2.000000000000000,2.000000000000000,,,,,,,,,,,,,No,No,No,No,,2.000000000000000,No,30.000000000000000,1200.000000000000000,2.000000000000000,,,,,,,,,,,No,3.000000000000000,2.000000000000000,,F,,Yes,T,,,,,,,,,2024-02-21,1,61.010007612890071,3085.283409657813991,246899.122287651262013
Lamoille,LCPC,Wolcott ,Wolcott Fisher Bridge Enterprise District,Fisher Bridge Enterprise District,Fbe,Yes,No,,Nonresidential,No,No,Prohibited,Prohibited,Prohibited,Prohibited,,Prohibited,Prohibited,Public Hearing,,None,,,,,,,,,,,,,,,,,,,,,,,,,No,No,,,,,,,,,,,,,,,,,,,,,,,,,,,,,,,No,No,,,,,,,,,,,No,No,,,,,,,,,,,,,,,,,,,,,,,,,No,No,,,,,,,,,,,No,No,,,,,,,,,,,,,,,,,,,,,,,,,,,F,F,,,,,,,,,,,,,,,,,,,,,,,,,,,,,,,,,,,,,,,,No,,,,,,,,,,,,,,,,,No,No,No,No,,,No,,,,,,,,,,,,,,No,,,,,,,,,,50% Increase,50% Increase,,,,,2024-05-01,1,24.779354590405056,1927.158673665663400,100278.645071548759006
Lamoille,LCPC,Wolcott ,Wolcott North Wolcott Village,North Wolcott Village,Vnw,Yes,No,,Mixed with Residential,No,No,Permitted,Permitted,Public Hearing,Public Hearing,,Allowed/Conditional,Allowed/Conditional,Public Hearing,, No Side Or Rear Setback Required If Building Crosses Property Line ,1.000000000000000,10.000000000000000,15.000000000000000,15.000000000000000,,,,,,40.000000000000000,,,,,,,,,,"1 For 1-Bedroom, 2 For 2+ Bedrooms, 1.5 For Senior Housing",,,,,No,No,1.000000000000000,1.000000000000000,10.000000000000000,15.000000000000000,15.000000000000000,,,,1.000000000000000,2.000000000000000,,40.000000000000000,,,,,,,,,,,,,,,,,,,No,No,3.000000000000000,1.000000000000000,10.000000000000000,15.000000000000000,15.000000000000000,,,,1.000000000000000,2.000000000000000,No,No,,45.000000000000000,,,,,,,,,,,,,,,,,,,,,,,No,No,4.000000000000000,1.000000000000000,10.000000000000000,15.000000000000000,15.000000000000000,,,,1.000000000000000,2.000000000000000,No,No,,40.000000000000000,,,,,,,,,,,,,,,,,,,,,,,,,F,F,,,,,,,,,,,,,,,,,,,,,,,,,,,,,,,,,,,,,,,"A) Owned By Inhabitants Whose Gross Annual Household Income Does not Exceed 80 Percent of County Median Income, As Defined By The United States Department of Housing And Urban Development, Where The Total Annual Cost of The Housing, Including Principal Interest, Property Taxes, Insurance, And Condominium Association Fees is not More Than Thirty Percent [30%] of The Household’s Gross Annual Income; Or B) Rented By Inhabitants Whose Gross Annual Household Income Does not Exceed 80 Percent of County Median Income As Defined By The United States Department of Housing And Urban Development, Where The Total Annual Cost of The Housing, Including Rent And Utilities Such As Heat, Electricity, Water, Garbage Collection/Disposal, And Lights, is not More Than Thirty Percent [30%] of The Household’s Gross Annual Income. Affordable Housing Units Shall Be Subject to Covenants Or Restrictions That Preserve The Affordability Requirements Defined Above Perpetually (For a Minimum Period of 99 Years From The Date of First Sale Or Lease).",No,,,,,,,,,,,50% Increase with Pud,,,,,,No,No,Yes,No,,1.000000000000000,No,30.000000000000000,800.000000000000000,,,,,,,,,,,,No,,,,F,,Yes,F,,,50% Increase,50% Increase,,,,,2024-05-28,1,139.196798005260973,7220.673613983007272,563310.325591392233036
Lamoille,LCPC,Wolcott ,Wolcott Route 15 Corridor,Route 15 Corridor,R15,Yes,Yes,,Primarily Residential,No,No,Permitted,Public Hearing,Public Hearing,Public Hearing,,Allowed/Conditional,Allowed/Conditional,Public Hearing,,None,1.000000000000000,1.000000000000000,25.000000000000000,25.000000000000000,,,,,,40.000000000000000,,,,,,,,,,1 For 1-Bedroom; 2 For 2+ Bedrooms; 1.5 For Senior Housing,,,,,No,No,1.000000000000000,0.500000000000000,25.000000000000000,25.000000000000000,25.000000000000000,,,,1.000000000000000,2.000000000000000,,40.000000000000000,,,,,,,,,,,,,,,,,,,No,No,1.000000000000000,0.030000000000000,25.000000000000000,25.000000000000000,25.000000000000000,,,,1.000000000000000,2.000000000000000,No,No,,40.000000000000000,,,,,,,,,,,,,,,,,,,,,,,No,No,1.000000000000000,0.250000000000000,25.000000000000000,25.000000000000000,25.000000000000000,,,,1.000000000000000,2.000000000000000,No,No,,40.000000000000000,,,,,,,,,,,,,,,,,,,,,,,,,,,,,,,,,,,,,,,,,,,,,,,,,,,,,,,,,,,,,,,,,"A) Owned By Inhabitants Whose Gross Annual Household Income Does not Exceed 80 Percent of County Median Income, As Defined By The United States Department of Housing And Urban Development, Where The Total Annual Cost of The Housing, Including Principal Interest, Property Taxes, Insurance, And Condominium Association Fees is not More Than Thirty Percent [30%] of The Household’s Gross Annual Income; Or B) Rented By Inhabitants Whose Gross Annual Household Income Does not Exceed 80 Percent of County Median Income As Defined By The United States Department of Housing And Urban Development, Where The Total Annual Cost of The Housing, Including Rent And Utilities Such As Heat, Electricity, Water, Garbage Collection/Disposal, And Lights, is not More Than Thirty Percent [30%] of The Household’s Gross Annual Income. Affordable Housing Units Shall Be Subject to Covenants Or Restrictions That Preserve The Affordability Requirements Defined Above Perpetually (For a Minimum Period of 99 Years From The Date of First Sale Or Lease).",No,,,,,,,,,,,50% Increase with Pud,,,,,,No,No,Yes,No,,1.000000000000000,No,30.000000000000000,800.000000000000000,,,,,,,,,,,,No,,,,,,,,,,50% Increase,50% Increase,,,,,2024-05-01,1,1104.726840971366528,25516.080570196878398,4470677.812959536910057
Lamoille,LCPC,Wolcott ,Wolcott Rural District,Rural District,Rd,Yes,No,,Primarily Residential,No,No,Permitted,Public Hearing,Public Hearing,Public Hearing,,Allowed/Conditional,Allowed/Conditional,Public Hearing,0.500000000000000,None,2.000000000000000,25.000000000000000,25.000000000000000,25.000000000000000,150.000000000000000,,,,,40.000000000000000,,,,,,,,,,1 For 1-Bedroom; 2 For 2+ Bedrooms; 1.5 For Senior Housing,,,,,No,No,2.000000000000000,0.500000000000000,25.000000000000000,25.000000000000000,25.000000000000000,150.000000000000000,,,1.000000000000000,2.000000000000000,,40.000000000000000,,,,,,,,,,,,,,,,,,,No,No,2.000000000000000,0.500000000000000,25.000000000000000,25.000000000000000,25.000000000000000,150.000000000000000,,,1.000000000000000,2.000000000000000,No,No,,40.000000000000000,,,,,,,,,,,,,,,,,,,,,,,No,No,2.000000000000000,0.500000000000000,25.000000000000000,25.000000000000000,25.000000000000000,150.000000000000000,,,1.000000000000000,2.000000000000000,No,No,,40.000000000000000,,,,,,,,,,,,,,,,,,,,,,,,,F,F,2.000000000000000,0.5,25.000000000000000,25.000000000000000,25.000000000000000,150.000000000000000,,,1.000000000000000,2.000000000000000,F,F,,40.000000000000000,,,,,,,,,,,,,,,,,,,,,,,,,"A) Owned By Inhabitants Whose Gross Annual Household Income Does not Exceed 80 Percent of County Median Income, As Defined By The United States Department of Housing And Urban Development, Where The Total Annual Cost of The Housing, Including Principal Interest, Property Taxes, Insurance, And Condominium Association Fees is not More Than Thirty Percent [30%] of The Household’s Gross Annual Income; Or B) Rented By Inhabitants Whose Gross Annual Household Income Does not Exceed 80 Percent of County Median Income As Defined By The United States Department of Housing And Urban Development, Where The Total Annual Cost of The Housing, Including Rent And Utilities Such As Heat, Electricity, Water, Garbage Collection/Disposal, And Lights, is not More Than Thirty Percent [30%] of The Household’s Gross Annual Income. Affordable Housing Units Shall Be Subject to Covenants Or Restrictions That Preserve The Affordability Requirements Defined Above Perpetually (For a Minimum Period of 99 Years From The Date of First Sale Or Lease).",No,,,,,,,,,,,50% Increase with Pud,,,,,,No,No,Yes,No,,1.000000000000000,No,30.000000000000000,800.000000000000000,,,,,,,,,,,,No,,,,F,,Yes,F,,,50% Increase,50% Increase,,,,,2024-05-01,1,24032.761826127774839,80007.874167357949773,97257286.684315472841263
Lamoille,LCPC,Wolcott ,Wolcott Shoreland District,Shoreland District,Sd,Yes,No,,Primarily Residential,No,No,Public Hearing,Prohibited,Prohibited,Prohibited,,Public Hearing,Public Hearing,Public Hearing,0.500000000000000,None,2.000000000000000,25.000000000000000,25.000000000000000,25.000000000000000,100.000000000000000,,,,,40.000000000000000,,,,,,,,,,1 For 1-Bedroom; 2 For 2+ Bedrooms; 1.5 For Senior Housing,,,,,No,No,,,,,,,,,,,,,,,,,,,,,,,,,,,,,,,No,No,,,,,,,,,,,No,No,,,,,,,,,,,,,,,,,,,,,,,,,No,No,,,,,,,,,,,No,No,,,,,,,,,,,,,,,,,,,,,,,,,,,F,F,,,,,,,,,,,,,,,,,,,,,,,,,,,,,,,,,,,,,,,"A) Owned By Inhabitants Whose Gross Annual Household Income Does not Exceed 80 Percent of County Median Income, As Defined By The United States Department of Housing And Urban Development, Where The Total Annual Cost of The Housing, Including Principal Interest, Property Taxes, Insurance, And Condominium Association Fees is not More Than Thirty Percent [30%] of The Household’s Gross Annual Income; Or B) Rented By Inhabitants Whose Gross Annual Household Income Does not Exceed 80 Percent of County Median Income As Defined By The United States Department of Housing And Urban Development, Where The Total Annual Cost of The Housing, Including Rent And Utilities Such As Heat, Electricity, Water, Garbage Collection/Disposal, And Lights, is not More Than Thirty Percent [30%] of The Household’s Gross Annual Income. Affordable Housing Units Shall Be Subject to Covenants Or Restrictions That Preserve The Affordability Requirements Defined Above Perpetually (For a Minimum Period of 99 Years From The Date of First Sale Or Lease).",No,,,,,,,,,,,50% Increase with Pud,,,,,,No,No,Yes,No,,1.000000000000000,No,30.000000000000000,800.000000000000000,,,,,,,,,,,,No,,,,F,,Yes,F,,,50% Increase,50% Increase,,,,,2024-05-01,1,357.130038587376191,8270.294961207469896,1445256.221393238287419
Lamoille,LCPC,Wolcott ,Wolcott Village Core District,Village Core District,Vcd,Yes,No,,Mixed with Residential,No,No,Permitted,Permitted,Permitted,Public Hearing,,Allowed/Conditional,Allowed/Conditional,Public Hearing,,None,,,,,,,,,,40.000000000000000,1.500000000000000,,,1-10,1-10,1-6,,,,"1 For 1-Bedroom, 2 For 2+ Bedrooms, 1.5 For Senior Housing",,,,,No,No,,,,,,,,,1.000000000000000,2.000000000000000,,40.000000000000000,1.500000000000000,,,,,,1-10,1-6,1-6,,,,,,,,,,No,No,,,,,,,,,1.000000000000000,2.000000000000000,No,No,,40.000000000000000,1.500000000000000,,,,,,,1-10,1-6,1-6,,,,,,,,,,,,,No,No,,,,,,,,,1.000000000000000,2.000000000000000,No,No,,40.000000000000000,1.500000000000000,,,,,,,,1-10,1-6,1-6,,,,,,,,,,,,,,,,,,,,,,,,,,,,,,,,,,,,,,,,,,,,,,,,,,,,,,"A) Owned By Inhabitants Whose Gross Annual Household Income Does not Exceed 80 Percent of County Median Income, As Defined By The United States Department of Housing And Urban Development, Where The Total Annual Cost of The Housing, Including Principal Interest, Property Taxes, Insurance, And Condominium Association Fees is not More Than Thirty Percent [30%] of The Household’s Gross Annual Income; Or B) Rented By Inhabitants Whose Gross Annual Household Income Does not Exceed 80 Percent of County Median Income As Defined By The United States Department of Housing And Urban Development, Where The Total Annual Cost of The Housing, Including Rent And Utilities Such As Heat, Electricity, Water, Garbage Collection/Disposal, And Lights, is not More Than Thirty Percent [30%] of The Household’s Gross Annual Income. Affordable Housing Units Shall Be Subject to Covenants Or Restrictions That Preserve The Affordability Requirements Defined Above Perpetually (For a Minimum Period of 99 Years From The Date of First Sale Or Lease).",No,,,,,,,,,,,50% Increase with Pud,,,,,,No,No,Yes,No,,1.000000000000000,No,30.000000000000000,800.000000000000000,,,,,,,,,,,,No,,,,,,,,,,50% Increase,50% Increase,,,,,2024-05-01,1,34.930122208562608,2544.297755020473687,141357.407614425464999
Lamoille,LCPC,Wolcott ,Wolcott Village Gateway District,Village Gateway District,Vgd,Yes,No,,Mixed with Residential,No,No,Permitted,Permitted,Public Hearing,Public Hearing,,Allowed/Conditional,Allowed/Conditional,Public Hearing,, No Side Or Rear Setback Required If Building Crosses Property Line ,0.500000000000000,10.000000000000000,15.000000000000000,15.000000000000000,,,,,,40.000000000000000,,,,,,,,,,"1 For 1-Bedroom, 2 For 2+ Bedrooms, 1.5 For Senior Housing",,,,,No,No,0.500000000000000,2.000000000000000,10.000000000000000,15.000000000000000,15.000000000000000,,,,1.000000000000000,2.000000000000000,,40.000000000000000,,,,,,,,,,,,,,,,,,,No,No,1.500000000000000,2.000000000000000,10.000000000000000,15.000000000000000,15.000000000000000,,,,1.000000000000000,2.000000000000000,No,No,,45.000000000000000,,,,,,,,,,,,,,,,,,,,,,,No,No,2.000000000000000,0.500000000000000,10.000000000000000,15.000000000000000,15.000000000000000,,,,1.000000000000000,2.000000000000000,No,No,,40.000000000000000,,,,,,,,,,,,,,,,,,,,,,,,,,,,,,,,,,,,,,,,,,,,,,,,,,,,,,,,,,,,,,,,,"A) Owned By Inhabitants Whose Gross Annual Household Income Does not Exceed 80 Percent of County Median Income, As Defined By The United States Department of Housing And Urban Development, Where The Total Annual Cost of The Housing, Including Principal Interest, Property Taxes, Insurance, And Condominium Association Fees is not More Than Thirty Percent [30%] of The Household’s Gross Annual Income; Or B) Rented By Inhabitants Whose Gross Annual Household Income Does not Exceed 80 Percent of County Median Income As Defined By The United States Department of Housing And Urban Development, Where The Total Annual Cost of The Housing, Including Rent And Utilities Such As Heat, Electricity, Water, Garbage Collection/Disposal, And Lights, is not More Than Thirty Percent [30%] of The Household’s Gross Annual Income. Affordable Housing Units Shall Be Subject to Covenants Or Restrictions That Preserve The Affordability Requirements Defined Above Perpetually (For a Minimum Period of 99 Years From The Date of First Sale Or Lease).",No,,,,,,,,,,,50% Increase with Pud,,,,,,No,No,Yes,No,,1.000000000000000,No,30.000000000000000,800.000000000000000,,,,,,,,,,,,No,,,,F,,Yes,F,,,50% Increase,50% Increase,,,,,2024-06-10,1,45.430750677110687,2579.526817623863735,183852.008972342475317
Lamoille,LCPC,Wolcott ,Wolcott Village School Street,Village School Street,Vss,Yes,No,,Mixed with Residential,No,No,Permitted,Permitted,Public Hearing,Public Hearing,,Allowed/Conditional,Allowed/Conditional,Public Hearing,, No Side Or Rear Setback Required If Building Crosses Property Line ,0.500000000000000,10.000000000000000,15.000000000000000,15.000000000000000,,,,,,40.000000000000000,,,,,,,,,,"1 For 1-Bedroom, 2 For 2+ Bedrooms, 1.5 For Senior Housing",,,,,No,No,0.500000000000000,2.000000000000000,10.000000000000000,15.000000000000000,15.000000000000000,,,,1.000000000000000,2.000000000000000,,40.000000000000000,,,,,,,,,,,,,,,,,,,No,No,1.500000000000000,2.000000000000000,10.000000000000000,15.000000000000000,15.000000000000000,,,,1.000000000000000,2.000000000000000,No,No,,45.000000000000000,,,,,,,,,,,,,,,,,,,,,,,No,No,2.000000000000000,0.500000000000000,10.000000000000000,15.000000000000000,15.000000000000000,,,,1.000000000000000,2.000000000000000,No,No,,40.000000000000000,,,,,,,,,,,,,,,,,,,,,,,,,,,,,,,,,,,,,,,,,,,,,,,,,,,,,,,,,,,,,,,,,"A) Owned By Inhabitants Whose Gross Annual Household Income Does not Exceed 80 Percent of County Median Income, As Defined By The United States Department of Housing And Urban Development, Where The Total Annual Cost of The Housing, Including Principal Interest, Property Taxes, Insurance, And Condominium Association Fees is not More Than Thirty Percent [30%] of The Household’s Gross Annual Income; Or B) Rented By Inhabitants Whose Gross Annual Household Income Does not Exceed 80 Percent of County Median Income As Defined By The United States Department of Housing And Urban Development, Where The Total Annual Cost of The Housing, Including Rent And Utilities Such As Heat, Electricity, Water, Garbage Collection/Disposal, And Lights, is not More Than Thirty Percent [30%] of The Household’s Gross Annual Income. Affordable Housing Units Shall Be Subject to Covenants Or Restrictions That Preserve The Affordability Requirements Defined Above Perpetually (For a Minimum Period of 99 Years From The Date of First Sale Or Lease).",No,,,,,,,,,,,50% Increase with Pud,,,,,,No,No,Yes,No,,1.000000000000000,No,30.000000000000000,800.000000000000000,,,,,,,,,,,,No,,,,F,,Yes,F,,,50% Increase,50% Increase,,,,,2024-05-28,1,44.938512992181735,2427.144740413215459,181859.990660576411756
Lamoille,LCPC,Morristown ,Morristown Central Business,Central Business,Cb,Yes,No,,Mixed with Residential,No,No,Public Hearing,Public Hearing,Permitted,Public Hearing,,Not Mentioned,Not Mentioned,Public Hearing,," 50-Ft Minimum Setback From A Shoreline.
Buildings Over 35-Feet May Be Permitted Subject to Conditional Use Review And A Public Hearing.
 ",0.030000000000000,,,,20.000000000000000,,,1.000000000000000,,35.000000000000000,,,,,,,,,,,,,,,No,No,0.030000000000000,,,,,20.000000000000000,,,1.000000000000000,1.000000000000000,,35.000000000000000,,,,,,,,,,,,,,,,,,,No,No,0.030000000000000,,,,,20.000000000000000,,,1.000000000000000,1.000000000000000,No,No,,35.000000000000000,,,,,,,,,,,,,,,,,,,,,,,No,No,0.030000000000000,,,,,20.000000000000000,,,1.000000000000000,1.000000000000000,No,No,,35.000000000000000,,,,,,,,,,,,,,,,,,,,,,,,,F,F,,,,,,20.000000000000000,,,,,F,F,,,,,,,,,,,,,,,,,,,,,,,,,,,,No,,,,,,,,,,,,,,,,,No,No,No,No,,,No,,,,,,,,,,,,,,No,,,,T,2.000000000000000,Yes,T,,,,,,,,,2024-02-27,1,84.979584064111435,3421.063342021654535,343900.706436986045446
Lamoille,LCPC,Morristown ,Morristown Commercial,Commercial,Com,Yes,No,,Mixed with Residential,No,No,Prohibited,Public Hearing,Public Hearing,Public Hearing,,Allowed/Conditional,Not Mentioned,Public Hearing,," 50-Ft Minimum Setback From A Shoreline.
Buildings Over 50-Feet May Be Permitted Subject to Conditional Use Review And A Public Hearing.
3+ Family Use Is Only Allowed When A Business Services, Restaurant, Or Retail Sales Of Goods & Services Use, Or A Combination Thereof, Is Provided On At Least 50% Of The Ground/First Floor Of The Building. ",,,,,,,,,,,,,,,,,,,,,,,,,No,No,0.230000000000000,0.230000000000000,30.000000000000000,5.000000000000000,5.000000000000000,50.000000000000000,,,1.000000000000000,1.000000000000000,,35.000000000000000,,,,,,,,,,,,,,,,,,,No,No,0.230000000000000,0.230000000000000,30.000000000000000,5.000000000000000,5.000000000000000,50.000000000000000,,,1.000000000000000,1.000000000000000,No,No,,35.000000000000000,,,,,,,,,,,,,,,,,,,,,,,No,No,0.230000000000000,0.230000000000000,30.000000000000000,5.000000000000000,5.000000000000000,50.000000000000000,,,1.000000000000000,1.000000000000000,No,No,,35.000000000000000,,,,,,,,,,,,,,,,,,,,,,,,,F,F,,,,,,50.000000000000000,,,,,F,F,,,,,,,,,,,,,,,,,,,,,,,,,,,,No,,,,,,,,,,,,,,,,,No,No,Yes,No,0.230000000000000,1.000000000000000,No,60.000000000000000,,,,,,,,,,,,,No,,,,T,2.000000000000000,Yes,T,,,,,,,,,2024-02-27,1,188.186810392041849,6355.091992288432266,761566.177908346056938
Lamoille,LCPC,Morristown ,Morristown High Density Residential,High Density Residential,Hdr,Yes,No,,Mixed with Residential,No,No,Public Hearing,Permitted,Public Hearing,Public Hearing,,Allowed/Conditional,Not Mentioned,Public Hearing,0.050000000000000," 50 Ft Minimum Setback From A Shoreline.
Buildings Over 35 Ft May Be Permitted Subject to Conditional Use Review And A Public Hearing.
4,000 Sq Ft. Of Land Area Per Dwelling Unit Is Required On Brooklyn St.  ",0.050000000000000,,,10.000000000000000,20.000000000000000,,,1.000000000000000,,35.000000000000000,,,,,,,,,,,,,,,No,No,0.050000000000000,,,,,20.000000000000000,,,1.000000000000000,1.000000000000000,,35.000000000000000,,,,,,,,,,,,,,,,,,,No,No,0.050000000000000,,,,,20.000000000000000,,,1.000000000000000,1.000000000000000,No,No,,35.000000000000000,,,,,,,,,,,,,,,,,,,,,,,No,No,0.050000000000000,,,,10.000000000000000,20.000000000000000,,,1.000000000000000,1.000000000000000,No,No,,35.000000000000000,,,,,,,,,,,,,,,,,,,,,,,,,F,F,,,,,,20.000000000000000,,,,,F,F,,,,,,,,,,,,,,,,,,,,,,,,,,,,No,,,,,,,,,,,,,,,,,No,No,Yes,No,,1.000000000000000,No,60.000000000000000,,,,,,,,,,,,,No,,,,T,2.000000000000000,Yes,T,,,,,,,,,2024-02-27,1,106.443679963333523,4376.965120575252513,430762.954870737215970
Lamoille,LCPC,Morristown ,Morristown Hospital,Hospital,Hos,Yes,No,,Mixed with Residential,No,No,Public Hearing,Public Hearing,Public Hearing,Public Hearing,,Allowed/Conditional,Not Mentioned,Public Hearing,," 50 Ft Minimum Setback From A Shoreline.
3+ Family Housing Is Only Permitted As Part Of A Health Care Facility.
Buildings Over 35 Ft May Be Permitted Subject to Conditional Use Review And A Public Hearing. ",0.180000000000000,35.000000000000000,10.000000000000000,10.000000000000000,50.000000000000000,,,1.000000000000000,,35.000000000000000,,,,,,,,,,,,,,,No,No,0.180000000000000,,35.000000000000000,10.000000000000000,10.000000000000000,50.000000000000000,,,1.000000000000000,1.000000000000000,,35.000000000000000,,,,,,,,,,,,,,,,,,,No,No,0.180000000000000,,35.000000000000000,10.000000000000000,10.000000000000000,50.000000000000000,,,1.000000000000000,1.000000000000000,No,No,,35.000000000000000,,,,,,,,,,,,,,,,,,,,,,,No,No,0.180000000000000,,35.000000000000000,10.000000000000000,10.000000000000000,50.000000000000000,,,1.000000000000000,1.000000000000000,No,No,,35.000000000000000,,,,,,,,,,,,,,,,,,,,,,,,,F,F,,,,,,50.000000000000000,,,,,F,F,,,,,,,,,,,,,,,,,,,,,,,,,,,,No,,,,,,,,,,,,,,,,,No,No,Yes,No,,1.000000000000000,No,60.000000000000000,,,,,,,,,,,,,No,,,,T,2.000000000000000,Yes,T,,,,,,,,,2024-02-27,1,85.377145259983635,2845.628481342556370,345509.581999488582369
Lamoille,LCPC,Morristown ,Morristown Industrial,Industrial,Ind,Yes,No,,Nonresidential,No,No,Prohibited,Prohibited,Prohibited,Prohibited,,Allowed/Conditional,Not Mentioned,Public Hearing,,None,,,,,,,,,,,,,,,,,,,,,,,,,No,No,,,,,,,,,,,,,,,,,,,,,,,,,,,,,,,No,No,,,,,,,,,,,No,No,,,,,,,,,,,,,,,,,,,,,,,,,No,No,,,,,,,,,,,No,No,,,,,,,,,,,,,,,,,,,,,,,,,,,,,,,,,,,,,,,,,,,,,,,,,,,,,,,,,,,,,,,,,,,,No,,,,,,,,,,,,,,,,,No,No,Yes,No,,1.000000000000000,No,60.000000000000000,,,,,,,,,,,,,No,,,,,,,,,,,,,,,,2024-02-27,1,676.724264508598822,20516.226274166525400,2738610.163730393163860
Lamoille,LCPC,Morristown ,Morristown Low Density Residential,Low Density Residential,Ldr,Yes,No,,Primarily Residential,No,No,Permitted,Prohibited,Prohibited,Prohibited,,Allowed/Conditional,Not Mentioned,Public Hearing,," District Is Subdivided Into 3 Separate (Mapped) Geographies Called ""Development Classes"" - Areas Of Ldr Zone With Class 2 Development Require A 15,000 Sq Ft Minimum Lot Size Per Family, And Areas Of The Ldr Zone Relying On Class 3 Development Require A 25,000 Sq Ft Minimum Lot Size Per Family.
50 Ft Minimum Setback From A Shoreline

Structures Over 35-Feet May Be Permitted Subject to Conditional Use Review And A Public Hearing ",0.230000000000000,35.000000000000000,10.000000000000000,15.000000000000000,50.000000000000000,,,1.000000000000000,,35.000000000000000,,,,,,,,,,,,,,,No,No,,,,,,,,,,,,,,,,,,,,,,,,,,,,,,,No,No,,,,,,,,,,,No,No,,,,,,,,,,,,,,,,,,,,,,,,,No,No,,,,,,,,,,,No,No,,,,,,,,,,,,,,,,,,,,,,,,,,,F,F,,,,,,,,,,,F,F,,,,,,,,,,,,,,,,,,,,,,,,,,,,No,,,,,,,,,,,,,,,,,No,No,Yes,No,,1.000000000000000,No,60.000000000000000,,,,,,,,,,,,,No,,,,T,2.000000000000000,Yes,T,,,,,,,,,2024-02-27,1,725.954360470033748,18152.578675966764422,2937837.601303226314485
Lamoille,LCPC,Morristown ,Morristown Medium Density Residential,Medium Density Residential,Mdr,Yes,No,,Primarily Residential,No,No,Permitted,Public Hearing,Prohibited,Prohibited,,Allowed/Conditional,Not Mentioned,Public Hearing,," 50 Ft Minimum Setback From A Shoreline.
Buildings Over 35 Ft May Be Permitted Subject to Conditional Use Review And A Public Hearing. ",0.090000000000000,25.000000000000000,5.000000000000000,10.000000000000000,50.000000000000000,,,1.000000000000000,,35.000000000000000,,,,,,,,,,,,,,,No,No,0.090000000000000,,25.000000000000000,5.000000000000000,15.000000000000000,50.000000000000000,,,1.000000000000000,1.000000000000000,,35.000000000000000,,,,,,,,,,,,,,,,,,,No,No,,,,,,,,,,,No,No,,,,,,,,,,,,,,,,,,,,,,,,,No,No,,,,,,,,,,,No,No,,,,,,,,,,,,,,,,,,,,,,,,,,,F,F,,,,,,,,,,,,,,,,,,,,,,,,,,,,,,,,,,,,,,,,No,,,,,,,,,,,,,,,,,No,No,Yes,No,,1.000000000000000,No,60.000000000000000,,,,,,,,,,,,,No,,,,T,2.000000000000000,Yes,T,,,,,,,,,2024-02-27,1,470.580891508465527,11419.351256700731028,1904376.242926956154406
Lamoille,LCPC,Morristown ,Morristown Mixed Office Residential,Mixed Office Residential,Mor,Yes,No,,Mixed with Residential,No,No,Permitted,Permitted,Prohibited,Prohibited,,Allowed/Conditional,Not Mentioned,Public Hearing,," 50 Ft Minimum Setback From A Shoreline.
Buildings Over 35 Feet May Be Permitted Subject to Conditional Use Review And A Public Hearing. ",0.090000000000000,35.000000000000000,5.000000000000000,10.000000000000000,50.000000000000000,,,1.000000000000000,,35.000000000000000,,,,,,,,,,,,,,,No,No,0.090000000000000,,35.000000000000000,5.000000000000000,10.000000000000000,50.000000000000000,,,1.000000000000000,1.000000000000000,,35.000000000000000,,,,,,,,,,,,,,,,,,,No,No,,,,,,,,,,,No,No,,,,,,,,,,,,,,,,,,,,,,,,,No,No,,,,,,,,,,,No,No,,,,,,,,,,,,,,,,,,,,,,,,,,,F,F,,,,,,,,,,,F,F,,,,,,,,,,,,,,,,,,,,,,,,,,,,No,,,,,,,,,,,,,,,,,No,No,Yes,No,,1.000000000000000,No,60.000000000000000,,,,,,,,,,,,,No,,,,T,2.000000000000000,Yes,T,,,,,,,,,2024-02-27,1,80.723282389958783,2964.299826085800760,326676.038080810918473
Lamoille,LCPC,Morristown ,Morristown Rural Residential Agricultural,Rural Residential Agricultural,Rra,Yes,No,,Primarily Residential,No,No,Permitted,Prohibited,Prohibited,Prohibited,,Allowed/Conditional,Not Mentioned,Public Hearing,," 50 Ft Minimum Setback From A Shoreline.
Buildings Over 35 Ft May Be Permitted Subject to Conditional Use Review And A Public Hearing. ",1.840000000000000,45.000000000000000,15.000000000000000,15.000000000000000,50.000000000000000,,,1.000000000000000,,35.000000000000000,,,,,,,,,,,,,,,No,No,,,,,,,,,,,,,,,,,,,,,,,,,,,,,,,No,No,,,,,,,,,,,No,No,,,,,,,,,,,,,,,,,,,,,,,,,No,No,,,,,,,,,,,No,No,,,,,,,,,,,,,,,,,,,,,,,,,,,F,F,,,,,,,,,,,,,,,,,,,,,,,,,,,,,,,,,,,,,,,,No,,,,,,,,,,,,,,,,,No,No,Yes,No,,1.000000000000000,No,60.000000000000000,,,,,,,,,,,,,No,,,,T,2.000000000000000,Yes,T,,,,,,,,,2024-02-27,1,31046.128557090185495,90896.911862154767732,125639418.696870490908623
